,rightfoot,,,,,,leftfoot,,,,,,lumbar
time,ax,ay,az,wx,wy,wz,ax,ay,az,wx,wy,wz,pelvic_rotation
0.0,31.59276008605957,-6.701864242553711,1.9653918743133545,-2.375560760498047,-4.463789939880371,-0.4293954372406006,17.3360111202883,12.821027071454925,-8.426478448909544,0.9016732976849491,-3.362878236760865,0.025807945386984776,-63.34372053533143
0.0914212,10.830057512596822,-7.655579412587777,-0.6950672416734622,0.07770857227803103,-2.4259055345655405,-2.050721477574101,13.444087374716982,-2.6681506365491865,-5.254891711384959,0.12016499562582873,-2.1615690633509628,-0.05861823734552188,-63.240919364815504
0.13632629999999998,17.464790879726472,-5.814529904632002,-14.154518153318657,3.8990096582671248,7.229430916946218,1.6179911806048466,9.390377436620422,2.7955969780336405,-0.8774909013122965,0.5944784494882416,-1.373008881353102,0.12067582039239996,-73.35763530114014
0.1592061,10.728515040903478,-25.685651867570684,-13.907300014591083,-1.5651310688248823,-2.9420627153052545,1.9115113402249306,24.153249876334087,0.4647015912858103,3.803286705159903,3.7169347445637992,-4.723605693263951,0.43418139046107884,-72.95365447137482
0.2041026,9.690651926328472,-1.8738200217618934,-1.5340470401819333,0.09802501488838888,-0.8190718219647346,-0.26444908503753406,5.009746741589312,0.6357413259279068,1.0935048737352893,0.8964713657369261,4.460661484349158,-2.057847050340494,-63.8023438318403
0.273297,10.193978291685863,-0.9511226839092652,-1.7373281714095865,-0.46816008376635715,-1.4966736319610783,-0.22018119954888904,17.1025022196431,-11.152535162798408,-20.91937731170752,5.6305741971454255,4.759737673846979,-3.117310119044471,-57.268344064852336
0.3220164,12.510772685301468,-0.03433295348883325,-1.4762534431109842,0.40818163808253993,-2.076931694075198,-0.6497017122648705,7.319131069385974,-7.042688878873666,-17.817576094319417,4.5149963524893,0.8644100349354986,-1.0871345727861454,-54.50470333016415
0.4089121,25.611109005536484,-1.7632891459526685,8.58976264440087,-3.2921251777558087,-2.485146530763301,-0.4313201646526436,20.287891800022454,-1.0631284220765194,2.3775453063539334,-3.169913254854668,-2.6119988409853097,2.0923749096915705,-47.465071661292676
0.456353,12.827169774925167,-5.325587573597142,-5.259812587905528,2.3658055377446012,-3.9398449662094293,-3.568712277254934,8.204950213005038,4.680248410043751,-4.342685176480201,2.495897688746025,-1.4110462242557158,0.022622529240358475,-43.84399336562139
0.5518439,4.910971213894557,-0.4401368112016637,-0.47763242603538436,1.0901363768712455,2.5735058586133297,-2.6523176112309867,9.94426169104901,2.373136699230196,-3.527939558029175,1.0705323862956233,0.09665999237087466,0.3080966655742921,-33.30090421574812
0.6222172,5.236004105148892,-7.876715652283215,-1.9336601677463348,4.005270036802117,3.889213954259564,-2.5276657277149592,9.647172560401287,2.937511826562564,-2.680431292689402,0.8999884977547621,0.19942109784444234,0.37240291784359625,-24.93409363011389
0.6657824000000001,7.0914403866458215,-6.699378672565249,-6.295251370269725,6.596595383752374,4.328125154409063,-2.913107851197621,9.070100784301758,2.3508939411905074,-2.791765265048496,1.0101626420777943,0.29229951094067286,0.4426412988040182,-15.465427289291457
0.6961736000000001,9.632567531425059,-10.166243285844745,-9.421815508202005,8.25201047508936,3.8146962868058085,-2.768014177262333,8.775478860569159,2.029789146884366,-2.616566527593366,1.1128238813166824,0.3897300991140885,0.6038586671366732,-5.116739900863661
0.7609487,7.810160401595472,-13.231266209192523,-11.894160303155388,9.765907888556491,0.8626396978545257,-2.8648374446798597,10.050458877927758,1.670318766062649,-1.6977088255450108,0.5155115049433476,0.3246555327777825,0.9575015514997476,5.219164300622835
0.7993098000000001,7.19374074260821,-15.12518699475575,-7.316164494232221,0.7795042514617909,-0.44146186584884306,1.6164620750938021,11.001826770355686,1.3225015917162497,-3.775184852644778,0.5773295345928384,-0.1847614103969219,0.6539018506339679,22.248225580224886
0.8644943,14.394992318758202,1.0769389324795189,-1.2224683950488398,0.0639153885678111,0.5615615339769255,0.9220117228476381,14.547787046487423,4.286749907100184,-1.5835578730602842,2.544533865683426,0.40580976700547805,0.2287132409841688,30.756097089343285
0.952376,9.033190760439137,-2.6512192618340267,-2.5349081563326985,0.47675598733588725,1.2737957973450926,0.5982803610795837,8.016302848219276,9.35048525265965,-7.422101020812988,5.261168268079964,-0.23428160532342018,-1.3354229391513766,38.00466192043527
1.0056866,9.505070594671395,-2.1963232035644835,-2.3503384519657833,0.017773252253753348,0.8298384921202566,0.4959741249350569,8.297920011305312,-5.453113958287235,-9.89278382606853,7.481513395789154,-0.35249329566894533,-1.6437752086039346,43.25570249698291
1.0186534,10.131090145506617,-0.8954861180573565,0.12699638284777165,0.4163118379387988,0.4466703854123568,0.19375929848853207,6.117566934639523,3.4880237325455705,-5.3183780644777015,4.690133352827724,-1.6673329302798645,-2.014394419638491,48.39923329230044
1.0819561,9.356834819187783,-4.764899829003717,-0.5011722475088133,0.37662155861763313,-0.007686617641279309,0.24855661399459375,9.107921375258545,-0.7250303677631892,0.7354112772985532,2.3506642325074303,-1.1423787307635505,-1.178261736680371,53.87580638373999
1.1261565999999998,10.078711730637716,-1.2841381956486426,-1.8220232478424603,0.48452910173645736,-0.0840297225578088,-0.09424200150045225,8.886394545895547,-0.48442283198742836,3.0681518834271655,3.6479273446311447,-0.13754279224940372,-1.2852165829764581,57.86357509653912
1.2046283,9.634689916344378,-2.4759731926228987,-1.5875749014776677,0.24698330292807918,0.11306412242239483,0.08665272246478356,10.507511549098519,1.6191326725867488,2.7592012666459578,3.5545040170351667,1.204955901189517,-1.3162404116122954,61.768932686846945
1.2527939,9.480080983557286,-2.0781428071794323,-1.0786263860784053,0.35329607838966715,-0.21238928667282642,-0.3200221648369436,15.464242294453621,-1.9330388737858655,-4.812461084179309,0.6302003717432404,2.089416998658373,-0.8160390773729916,68.19979556360974
1.3190292,10.226082700969407,-3.060008895029379,0.14531044778560137,0.22894902770375186,-0.7792624547560592,-0.7916287017485164,9.813853997084422,14.973264779825454,1.8766699272127934,-1.1251030840856018,1.2236526621970267,-1.6571899788733346,69.77427854665207
1.4368177,12.225740267790595,-4.446944126748899,-1.9871483529793776,0.9949294499315596,-1.4575283689911578,-0.9911924976802577,10.922156720666841,6.909493247851065,-0.6420325302217047,0.09930246294735032,0.36752817705388074,-0.4923259075244634,72.85027785188356
1.4589699999999999,8.810708439467643,-0.7727000341649215,-3.3479603834668676,3.0055998594747773,-1.196175680943754,-0.942949712650371,10.56161432951006,-0.2996102649044795,-0.3654705611322565,-0.19398606262941848,0.3257346285506368,-0.2387773200943942,73.1309346485417
1.5111618,7.2842682237038,-0.9184426721225973,-1.6133740471005364,4.50566181635469,-0.18230410832060628,-0.043638754688498,9.979242483042352,3.3916329513497065,-0.6269092337327069,0.021530314318595395,0.266160786151886,0.017695813358242062,74.1206759871097
1.6035120999999999,7.988264782303933,0.6314085121193235,-2.95668519194752,1.1902981112498594,0.8598863345078679,-0.029721798467510996,9.599519521959365,1.3395421946286787,0.021550472692361877,0.7032055146362741,0.33629346479834865,-0.007268245331227734,75.20032456516938
1.6477587,8.082088629404705,-1.4270192192446802,-4.098274571921236,-0.713235604827122,1.1863963462973153,0.2040449481016846,9.931110491828314,2.60429441834253,0.11713294491230967,0.1344467465957952,0.05251726740971207,0.035477766301482916,76.2317931198444
1.72291,25.486292295366805,-2.977773549354973,-14.069897239728036,0.919346961409193,0.4324659899157578,-0.2681387361621233,9.837576786687213,2.2889576496242423,-0.21482248352353006,0.2842830368312299,-0.08809956890298083,0.06292242287414626,77.57788679626795
1.8594988,10.50987113562575,-0.5961974575287978,-1.5437990492769968,0.025001684821844634,0.24794836783229102,0.3519929790126109,10.025125111669256,2.3332516702699833,-0.14648884534835815,0.015274841420417313,-0.3475371822218863,0.2643649482110556,78.93899156103495
1.935198,9.469505313843015,-1.888998731261208,-1.7361639988800834,0.1660588357952379,0.4310315547008363,0.4587016669767244,10.0032266459869,1.851202556963067,-0.19900066693679797,-0.37311631113496735,-0.6016088803695662,0.4126552799556882,80.00455482408162
1.9768424,9.765683462359755,-2.3983453592152943,-1.2215372486887868,0.05765906105335865,0.15846748989603793,0.06872215837285998,7.626805423149207,0.11281028545369691,-0.1729879552567835,0.025340108178378593,0.5829346149293955,-0.22514294473718743,80.28163148446795
2.0728599,9.623640563386683,-2.4735868360467648,-0.7606531279977016,-0.06832987615000313,0.16554937141251697,-0.13034561725454458,10.371646341587264,1.428266167640686,1.3083748474066774,-0.3517935779997043,0.15750962246338598,-0.24076117775618122,80.70827040794599
2.1189581,10.038944497973494,-1.8833627837855902,-1.006156663073773,-0.17417783506578038,0.12916219670570184,-0.20695374009055528,9.65605640411377,1.235342926776441,-1.5331391924614335,0.2271128632581205,0.3587744975729329,-0.329216874520818,81.283980829116
2.2050756000000002,9.77814239505371,-2.4007788445387153,0.5290291424896475,-0.21576421811907787,-0.21506834981094536,-0.2976579208937342,9.994325622437508,1.4666570501932945,-1.0829215168907167,0.05738563660251397,0.3518697321796393,-0.2719534766455855,81.28705108517461
2.2699771,9.81887159381716,-2.941843458889572,0.01630779008175538,0.1979169153874951,-0.7968292592491057,-0.39633041444767214,10.1059842749898,2.4292733669281006,-0.6776882224285571,0.18353686332664493,0.23575525348354023,-0.2540354403821756,80.56242367586667
2.3327980000000004,9.558593550890578,-0.32666837992179987,-2.4860333494815348,0.3508013850578698,-0.5636049148002406,-0.30114016325403287,9.926787356632214,2.216185803238864,-0.46604971365303766,0.1757700554406762,0.21822803907834387,-0.13584450838478562,78.57269475998109
2.3930491000000003,8.699642413193173,-0.5411115455120882,-3.2058612343963797,0.08699559915749316,-0.14754439780719147,-0.02503865261146274,9.853057888931914,2.324963051886832,-0.3317887146544994,0.22246941079416116,0.16036212525796145,-0.09778340465434995,78.16577709857943
2.4537005,11.017057405515024,-1.2463116430317511,-1.4619564765272823,-0.12490245360309252,0.8857005033033969,0.2874076656473536,9.905748026223288,2.2406179088845475,-0.4450107802581128,0.0009322363360609928,-0.08229414362763662,0.04796875250195303,77.76165595686098
2.5414366000000004,9.944704000735944,-1.7681657098310943,-0.5564297727451852,-0.006139423037332869,0.48110004790717564,0.23788648215143382,9.954087491042785,2.112358975886566,-0.44289809547811054,-0.0023692868544094928,-0.08754627913030612,0.08861442992947251,77.09596200313293
2.5987314,9.712815991073038,-2.327960512483053,-0.28861163814084323,-0.09334206375871874,0.40022797034876934,0.20870202574526048,9.897442944022677,2.024832210573728,-0.9167192473494563,0.008405460760905209,0.010070365955048267,0.06036340791537059,76.10043879761999
2.626652,9.501464654309,-2.290887226662318,-0.3131816868369777,0.027660283596076918,0.11083048688500269,0.05131757744615016,9.832471267079221,2.1544021322564273,-0.38592204237216143,0.07649409167596316,0.06939570707587718,0.008062916770405803,75.50633147273386
2.6734463,9.823106420432257,-1.9738760352149962,-0.3572192650155315,0.013166258393984841,-0.08820566004214879,0.017090365290641785,9.980158343048995,1.9977292662025778,-0.6359975962182893,0.1391351399432984,0.010440967293576367,0.01815851218998432,75.13032646071996
2.7496209,9.639874503836474,-2.026855431022258,-0.5613983796629602,0.04306122925373747,-0.21105843744475974,-0.04378162011111335,9.900203704833984,2.397207134193851,-0.06197135767468062,0.2282155999530221,-0.014335711217122637,0.027557202346282502,75.15453809127511
2.8095446,9.729453936041843,-1.8681920433752395,-1.121396749902745,0.05731946666308132,-0.20576521325711022,-0.0028573262077180124,9.891990465319468,1.9980200375280073,-0.671407163143158,0.060095211757080894,-0.07167583402995872,0.07036813405755844,75.3162575011613
2.8646934,9.729469582049344,-1.9043549299240112,-0.957315425810543,0.1295920908222184,-0.17773257683499066,-0.02136295661330223,9.982921234595734,2.0114868264044485,-0.5857584613198448,0.05996176153154357,-0.0697971433134062,0.08224738389253618,75.57744287759085
3.0134771000000002,9.797965182303528,-2.1349830621185704,-0.6997453018567115,-0.1438949490179406,0.08413608804198275,0.17160936961951548,9.9246187210083,2.2555380903996998,-0.47886398814607145,-0.05508262716725858,-0.006292391598464981,0.09411842237511354,77.20111039489436
3.0475657000000003,9.801813277963852,-2.920263393072977,-0.484633270099843,-0.02928792470584481,0.07513350719100564,0.13435199818608703,9.94632453557152,1.7320497598078037,-0.6591997742652893,-0.0034387715838627353,-0.07310817392396816,0.07180296547847262,77.95542608058197
3.1106557,9.67293406692579,-3.2864292019523234,-0.7093185734135398,-0.10851203267168325,0.09413497290238776,0.11572613004123897,9.939531220343696,1.6765812928982067,-0.8314189899216445,0.05245435724227297,-0.06326380073947911,0.06741485140600721,78.30779967732134
3.1753162,9.669079133808705,-2.887391436911826,-0.4853052089283604,-0.0033805548183379677,0.09020734938883013,0.07971620715914235,9.923321064396651,1.5218213780902063,-0.9589826077764407,0.06763409503950375,-0.02943544215106746,0.044862207025289536,78.50776153819197
3.2358212,9.635807775493042,-2.3268631872448555,-0.7005727711406119,0.029306809964969024,-0.0028143111770838644,0.023812697436121806,9.970755838490131,2.0009373996920443,-0.6346052359289311,-0.015488075375492082,-0.030253703911403522,0.02860437186809016,78.73135554178938
3.3342256000000003,9.692678451538086,-2.4858286432040635,-0.6839239762583819,0.0,-0.017820512425274618,0.005394884895893836,9.897516032822976,1.5405955427558498,-0.9414264488330085,0.012308038290469878,-0.01781559008504114,0.00890779504252057,78.9167807646889
3.7160052,9.672115820705784,-2.2625470887616923,-0.8461633236596797,-0.022825064265822585,-0.007505467723380933,-0.0028673494875903994,10.087474538958608,1.5979636160097277,-0.9030775264178259,-0.0011736911719262744,-0.006408886983990669,0.0009389529375410195,79.1717090037919
4.0655493,9.664081917746643,-2.230785741600939,-0.7526773643750017,-0.0017999357453757719,-0.02420150553564414,-0.004331659405462204,10.013924590636691,1.7864578479812256,-0.917055365608035,0.03207273817207727,0.07417064436787192,-0.026966219647757465,79.30424000358148
4.2435792999999995,9.652214906426863,-2.3392959841690613,-0.8590436773503431,0.016388247536826273,0.007753232794423257,0.0032044434919953346,10.002048739183119,1.7048511682925984,-0.748836903730194,0.08498387035750775,0.08558406093055408,-0.024099443486286343,79.29411394414045
4.308228499999999,9.741147195993786,-2.2793169100652033,-0.6686615962601905,0.03768858226770568,0.019928230555214015,0.0024397032440549903,9.99786376953125,1.6315942624508037,-0.7415958292532492,0.03154344139665952,0.054475538432598114,-0.01021424906615798,79.25519018173154
4.3556851,9.656466690233387,-2.3278187996261206,-0.704234208582184,0.0064807986387877825,-0.017054408852811523,-0.0032403993193938913,9.947435199916782,1.82155523796482,-0.6268285353744463,-0.0025526969088497807,0.0008360844753151315,-0.003344337901260526,78.99718550857854
4.3978366,9.684686690797822,-2.282343717825089,-0.7568590044975281,0.0007378041083293576,0.009244428421821325,0.007807378536991535,9.983015328596117,1.736091780583196,-0.6618403076332143,0.009988337451477416,-0.002598389564779356,-0.0016742017578810899,78.8943558485655
4.4497838,9.721330696529758,-2.303466437553514,-0.752116960866128,0.0067796558201309205,-0.020294807851314545,0.008915951481461144,9.946413592371885,1.7657267152767213,-0.7272037708025407,0.014193391972864526,-0.022050765415842638,0.007247765147175249,78.80866834383419
4.4986624,9.705448351331205,-2.26688297845984,-0.849699014342875,-0.0170411412817313,-0.04560712183011659,-0.007104577736989144,9.946433903571968,1.7046288099146127,-0.8223036680364371,-0.007338406643621041,-0.023884922222617067,-0.004658262003616069,78.70348114560832
4.5388185,9.688404406636907,-2.332228059806521,-0.9686586900637569,-0.02323276191760051,-0.013299205863092016,-0.0035246690705178245,9.956781880583666,1.7174908887953975,-0.8127305627433741,-0.004108397601346124,-0.029230173479569688,-0.006634875511328366,78.32120713749673
4.5859073,9.66826343536377,-2.237589501351866,-0.8789330124855042,-0.003954553450908392,-0.0024543335330822775,-0.0074200177069513075,9.919475099272358,1.820823334433061,-0.7568590044975281,0.0,0.002361327189459594,-0.014954069629311563,78.11498767013147
4.6287009,9.708490557239102,-2.2109336759344376,-0.8696333528037994,-0.011749626137316227,6.0974520987666734e-05,-0.008860582241550818,9.946477323572147,1.7700735330581665,-0.8616126465968335,-0.012817773967981339,0.01433330763816162,-0.017537751325195836,78.03606766143672
4.7160633,9.724988274944739,-2.2232067227348327,-0.8774737056202182,-0.004899562518286993,0.005276893634712912,-0.00967717599459865,9.954128012190827,1.791941198183217,-0.8474050711132719,-0.02024859328278809,0.019895278639362766,-0.021585829046216764,77.90568498239196
4.7515487,9.676154565396091,-2.137036328186332,-0.8875650888794335,-0.011436784069143956,0.02205345096067548,-0.001823453593157953,9.946490149972197,1.855525255203247,-0.7878829626669029,0.0047177326687049366,0.028394849150590946,-0.022831540061505416,77.85827948852466
4.8229127,9.688351827929301,-2.2840234392296255,-0.8127977267874655,-0.002825881948015852,-0.029462039982047734,-0.01664426634413579,9.990269137967017,1.950652999262656,-0.6831645572789803,-0.005601623185699986,0.017090365290641785,-0.02051631335495254,77.6359829049549
4.9033032,9.75725915355067,-2.0638387203216553,-0.9269750925802416,0.016470150421223333,-0.014471680286430543,-0.028219775627216986,9.941879507553313,1.8340619621975054,-0.8444123230898379,-0.0032044434919953346,0.03466004934641092,-0.027366895479424638,77.41791914851758
5.0183474,9.700542566627988,-2.104016356984459,-0.789959890246849,-0.005720755914171349,0.03425263177049505,0.004580705631633976,9.988170204440936,1.887118922354805,-0.7058792010567705,0.00424073284281598,0.01108962235101048,-0.011969627399418143,77.22516382819005
5.0715696,9.724952339744593,-2.2165616751174895,-0.7525107178922409,-0.01030100276425498,-0.003365082644821587,0.0011414266271884059,9.89552547647229,1.8774305185292601,-0.6908027699862879,0.008195423025397525,0.0038334091884955285,-0.010901069373733575,77.21514987243731
5.0977732,9.733653345380231,-2.063051223754883,-0.8710785975502622,-0.020220299226464435,0.005340739153325558,-0.0003808856849139896,9.958735920622358,1.9165623188018799,-0.6767342470880051,-0.007696215686718783,-0.004272591322660446,-0.01005169222011201,77.20382208109923
5.147897599999999,9.725808534948099,-2.2025558427615124,-0.844937295930785,-0.002212035312960643,-0.013504625971214605,-0.011368330309884383,9.973156193955736,2.013637264696749,-0.7249444747923217,-0.0010937133809446938,0.0070395494622779034,-0.012380288615603462,77.21709046570153
5.1963501999999995,9.737143746994528,-2.1109965115491884,-0.8379469134812774,-0.008849645107741371,-0.00663596922470931,-0.0036636663978194877,9.934332920710652,1.931002442699136,-0.6253321642883605,0.0010681478306651115,-0.012208848852894529,-0.009613330475986004,77.21111107257644
5.2673014,9.733674216380317,-2.1222599063600813,-0.8432249553879285,-0.007094322861502729,-0.008242458720961887,-0.0028217315388422816,9.936826705932617,1.9751150693506494,-0.6689228743532166,-0.00023610537611143585,-0.012203106858359779,-0.011314875068390712,77.15606274357708
5.3545492,9.758094361898141,-2.0718091738507787,-0.8736245393951378,-0.0032044434919953346,-0.00671071324584229,-0.005723899937732303,9.958763730341303,1.9165623188018799,-0.7568590044975281,-0.01280218456167026,-0.01557313315887512,-0.013235679456460737,77.1139223639749
5.4148266,9.724915843344442,-2.0899568160741193,-0.8510804140012324,-0.010297809231785998,-0.004791351290599954,-0.0010681478306651115,9.982995390296974,2.03368031958772,-0.6616778132721112,0.00998300559874531,-0.02456739917397499,-0.01153279745954394,77.04052675028449
5.4471232999999994,9.749329955579988,-2.0542805328852634,-0.8632889255993865,-0.00991404191877599,-0.019226660951972008,-0.006325880232843092,9.936826705932617,1.8848868555072387,-0.8106353229526123,-0.015777908490881804,-0.013236666192883155,-0.014737651094057131,76.9576237041749
5.4908696,9.730269530084058,-2.0386364459991455,-0.9287313654299783,-0.011280559811063571,0.002051532874307009,-0.0014524513698945534,9.936826705932617,1.9459113003303434,-0.7227038921916834,-0.014965280191466247,-0.008556393207475576,-0.006840630341118587,76.83589756865032
5.5565999,9.745903467436174,-2.063051223754883,-0.8100843422088144,-0.007477034814655781,0.0038879651260832625,0.0013670432681758557,9.927082187703842,1.9604651814764003,-0.7959445771542559,-0.02883999049663544,-0.005340739153325558,-0.012180712286761878,76.76020519660239
5.5815509,9.742501687588476,-2.063051223754883,-0.9321630596198978,0.0007700727831932807,0.0013662228781369423,-0.0006831114390684712,9.929531727335236,2.0190595003866383,-0.7104858685565252,-0.021356392749077347,-0.0010681478306651115,-0.00683220824406993,76.66498987205729
5.6290049,9.724893966944354,-2.063051223754883,-0.8643441729465021,-0.010681478306651115,0.0010681478306651115,0.0013651290247517246,9.902755870108688,1.889946031491094,-0.776370827396136,0.013242408188133117,0.013032278504819118,-0.01004233954966156,76.55962291705086
5.6948732,9.729300498962402,-2.022016981014017,-0.9033478498458862,-0.003976529351928149,0.008159139715354483,0.008159139715354483,9.949033737182617,1.9678374388495041,-0.6982675411581566,-0.006621094540722908,0.009827315544469221,-0.00619667942725843,76.44420946670833
5.7549738999999995,9.74929670272587,-2.070839939907176,-0.8368438264937006,-0.004272591322660446,0.003794228432669761,0.004954111473161609,9.939265924542608,1.962941669541875,-0.7226760802409982,-0.004273548444372512,0.00491386286974434,-0.00149502411424633,76.29903639571225
5.813339999999999,9.699393909077905,-2.0386364459991455,-0.8911404609680176,-0.0032044434919953346,0.013204948504835761,0.006702685740946937,9.939260613622341,2.014259019165293,-0.6689357021320559,0.00363367105640389,-0.011536652715230708,-0.00021297342208551878,76.19082317094353
5.858941,9.737077559194258,-2.1152279992257395,-0.7646362925729444,-0.009225696182599472,-0.010491968207662145,0.00902757198820191,9.944175105220618,1.9873774790202439,-0.7520004199812532,0.002136295661330223,-0.009188203811874344,-0.0010734790010510776,76.10454837304526
5.9186038,9.742604821874616,-2.0364424480088115,-0.9077826385856956,-0.007769093668508914,-0.009225285987580016,0.005244753518772702,9.927133197655039,2.028852314981382,-0.6836146116256714,-0.005340739153325558,-0.025423504069350247,0.0051286954715949054,76.02766619523639
5.9376614,9.76148433602311,-2.083027617779418,-0.801250279224343,-0.00835066327457141,-0.018741386818849952,0.004272591322660446,9.949033737182617,1.950765509759226,-0.8105265709661669,-0.010902983617157705,-0.020727974538635546,0.0017129744012509623,75.99630654471193
5.989318099999999,9.753715515136719,-2.00201416015625,-0.9976880204293036,-0.00019197126910571144,0.010775002771087233,0.013497056920201547,9.900203704833984,2.0118074746683012,-0.7374096676434534,0.0019250722646352793,-0.014085114348151004,0.004272591322660446,75.96314769264279
6.0347995999999995,9.741507530212402,-2.034184994502881,-0.8134446004647597,-0.005919040103500065,0.0023369920667335744,0.0032044434919953346,9.927025004994407,1.9261869848056776,-0.8423108458518982,-0.0089662622969846,-0.01624820598731437,0.0032044434919953346,75.93146428842348
6.0945032999999995,9.729300498962402,-2.063051223754883,-0.9322193151428586,0.002526254393160343,-0.010494976304471493,0.001848065294325352,9.917212184489964,1.9775993824005127,-0.7568590044975281,-0.001488187530588719,-0.005550759003287362,0.0,75.86035618548117
6.1429674,9.737046878194132,-2.0919267406510005,-0.8256426146679494,-0.0054435482111343594,-0.021937976423333904,-0.0033891443392023695,9.936826705932617,1.9704165195261925,-0.8009000482609262,-0.0017172961794254859,-0.004482091063612814,-0.003413943232947703,75.81112286922999
6.209750199999999,9.733769534980707,-2.00201416015625,-0.9122861837400758,0.0017452430761148853,-0.013208826553196676,-0.0003910525852153378,9.92222886076358,2.031466631880191,-0.7568590044975281,0.0017180573552732505,-0.019226660951972008,0.0,75.80544682907146
6.2576329,9.780178138789546,-2.027641320310969,-0.8842422191669186,-0.004484771718563717,-0.006408886983990669,0.004378681520612082,9.9296745815819,1.9728313848616552,-0.8155120213623086,-0.012191976582674853,-0.02498459743084598,0.0029958443635598395,75.80943620444933
6.3330851,9.729300498962402,-1.9519579654983135,-0.9977556304102837,-0.018335694099329322,0.02036466972484496,0.01755204846188245,9.929686814653403,1.9701517166172122,-0.7863414905206154,0.011695753676526886,-0.02836963390412655,0.005965466167958032,75.76509454043979
6.3962622,9.74599311678682,-2.016209564354276,-0.8512815809893922,-0.0035969136333356072,0.0005017327346959793,0.01388592179864645,9.990725705713333,1.8334897778392418,-0.9813508551185444,-0.026079127901608695,-0.07328582280736187,0.01112505902209881,75.63171030543698
6.4678545,9.745997643940644,-2.0540714347518128,-0.9753299857729807,0.023671216351207273,-0.02720701292973362,-0.017262329709758335,10.012077549330344,1.9894442605899043,-0.5504207699590625,0.008337897428822133,-0.07190007911551566,0.04369889449230903,75.31234811784056
6.5546178,9.720312072628898,-1.9043549299240112,-1.0311911899617434,-0.05144666027157538,-0.0014613881226508848,-0.03940989516953963,9.980501302848259,2.153966845661062,-0.6005657850116831,-0.22141857842324592,-0.10537367951400024,0.1504732261569311,74.85152852542083
6.6411507,9.816065787414715,-1.6846216917037964,-1.3621565358608863,-0.16452826067732823,0.1423765598272603,0.007805927018466922,9.969202074713385,2.2614764610794045,-1.0019932106307063,-0.578982611820283,-0.3434924615274973,0.1520087410180887,72.3111224736691
6.6894054,9.811566243842424,-2.0083858140464264,-0.6509672318959867,-0.2263314050049997,0.13686100100679066,0.01007706460537136,9.980030094728797,0.623346401646512,-1.3151210718318491,-0.5551423566865115,-0.38392146308636943,0.188871023208437,70.63425565205952
6.7329878999999995,10.097851297883455,-2.61238431930542,0.45132077593285796,-0.30301434019865653,0.0528454237698143,-0.062465045420873555,9.655914148081436,0.4707654703522436,-2.0631934340442935,-0.4835979574055155,-0.3641327163344017,0.037788754489530785,68.74508252002477
6.7730415,9.401967419348834,-1.529101863402373,-0.2780547379364083,-0.5813481606076747,-0.8649489784170536,-0.30517090401773983,9.802010549378286,1.711905487122074,-1.864863649216665,-0.1748784379475677,-0.3803073786508103,-0.060726909954015015,67.25555713656492
6.895867099999999,12.728552976613404,-3.5380985196415207,2.5818447747212834,-0.7596295873425796,-1.9350593925880344,-0.35597279744906263,10.32805039973925,1.8096072814968511,-1.7741337100425674,-0.12548514725307758,-0.16780436345540733,-0.16607243609007183,66.19728227392301
7.0032214999999995,11.27369086720735,-4.313183618968113,6.8278977237741945,0.2045695068023581,1.7019366268371325,0.3364174781925285,9.554404307681356,2.1943822713674668,-1.3661868933128565,0.3444954491255226,-0.2880103743982755,-0.07828859042679567,67.68271050640921
7.046424399999999,12.099939395138477,-3.157662926509959,3.4097059365959366,1.5234303318644002,2.750685239988635,0.5853224387398361,9.599637794934054,2.103304565936979,-1.9432863914202168,0.25188082129308664,-0.5156262312215558,0.10231155453186158,67.90660627846422
7.0882213,11.884539015235447,-1.1078862976809707,2.4565285983013005,1.384873286337824,3.1372259632353745,0.5808804646605461,9.516738338953889,1.6371577468915774,-2.395212205843137,0.10628439841197812,-0.5112394563018269,0.0068944209795092325,67.75889426344327
7.129338,11.474652814169445,-0.6069738288074618,0.18589497747584807,0.6056879360199219,3.0788489348570467,0.41411738043128,9.6700194242119,1.9811497067282033,-2.211115118423243,0.14646150442617586,-0.6554243422079502,0.038004841840517445,68.34651628065842
7.1829468,9.359131706854942,-0.8704239466149752,-1.4495982844256172,0.5192062546482743,2.5564549997950525,0.37908461183008213,9.995466746427056,1.7814481159216553,-2.7696180895045273,0.2827303830577609,-0.8520887215403272,-0.004016662391519388,69.18045946327678
7.245239,8.366673517629927,-0.4226567262284494,-6.10549836821467,0.003192140791104643,0.2892690348921147,0.06435406022774981,10.64506218607952,2.6223070231450865,-3.9202141617117205,0.9046646067715277,-1.3539128914223655,-0.115046849189144,71.81600087660583
7.3186070999999995,8.226355295576807,-1.6449054118552942,-11.793836310650835,-0.04219320662800343,-1.922112052402799,-0.27291041226553053,12.95676255186465,1.2368459871357542,-3.6477340545725094,1.2171018746450617,-1.9674692657743635,0.2158236842648742,71.5584147341688
7.3607933,12.88789756029833,-2.7161667745488414,-1.359174725372508,-0.28193141840628133,-1.9198591903216338,-0.35127899424528997,20.81003482367403,6.974233904192525,2.450406517606482,0.23084244265564882,-3.3520202286354532,1.1455176880710014,68.41817784210578
7.4347696999999995,11.05253185227292,-1.8032703369443868,-1.4560375685455003,-0.8747572594585018,-1.4559423353387586,0.2799564555737524,23.01159055605597,5.988957246714238,8.050061180361801,2.439935556679304,-2.9378812596264834,0.9652002731877649,67.97044355045844
7.5146649,10.092755521166177,-4.40095877284264,-0.9735720574543019,-0.31582668745020326,-1.4305743846456327,0.10911089539218924,10.175324487118566,4.92805981394974,0.8684850544687213,-1.8895536013759087,-0.8414436123247689,0.4128042094234955,67.79701037231891
7.5731022999999995,9.265419006347656,-3.1418999858959724,-1.5352763151487692,-0.20092118122885305,-1.2228515194857725,0.015305467356230978,7.3461599061297775,-0.4929225223326552,7.310700221570097,-0.50077250095209,2.1567378159172326,-0.14119320554959397,67.4272816320666
7.6561984999999995,9.86837096979016,-2.6774273927852894,-1.17526530451633,-0.1696364508747948,-1.391068850011568,-0.1876225605536465,10.027739033413948,0.7684193798971,-1.316481949241896,-0.8537884094150129,6.603912403818251,-1.382100452215048,69.50383335491361
7.744637399999999,13.267459518776388,-1.82087825672845,-1.9241505267372268,-1.116559604284889,-2.4134633754743895,-0.06994918982950896,17.73962312566781,5.405873487902927,-23.45488456536633,-1.9755694764868545,5.435268025658858,-0.8744575836343251,70.84443236718695
7.832882499999999,14.791626545545054,-4.520129150522925,1.3749841336310595,-1.353200277465672,-3.246995829730379,-0.8543058365148628,4.785980288944547,1.5179809089454392,-32.93092261420356,2.887483354598757,-3.092974513296097,-0.04387883240327475,70.66685759165526
7.9153072,26.095870421595656,-6.03545935216221,14.758806891155682,-1.7320952515265176,-3.4063607283085355,-1.3057451076267683,19.778225260518237,-1.5837183737000988,-7.457491995796325,1.7142727589888018,-3.0229545290263813,0.0810971899454983,-49.558708837198445
8.0120257,5.890308865996737,-1.6641098351968657,2.42557180771583,1.6465529431519217,3.003106855543569,-0.5362022953196401,10.872661711921829,1.8409332699245877,-1.9335170584767523,-0.4966313043696051,-1.2299933014804745,0.14442200420631301,74.16690251744804
8.059557900000001,9.985832323357283,-3.9436459385996265,-2.320998681212576,2.3291674845200045,5.524951260907388,-0.11419119381113484,9.803079626344132,0.9085327068232171,-1.1132551498493657,0.6837401007360759,-1.1149116566836743,-0.3860287853329229,77.72050612728545
8.1187482,11.368778802038644,-4.948820752665378,-4.918599079617219,2.8436171205850727,6.777663016954081,0.27857450367782705,9.192448011285544,3.120425588125947,-1.4607656534016513,0.3693389776137774,-1.0092931904846485,-0.10213688373210975,77.88328226952686
8.1717153,16.391439709089084,-2.5039442653282498,-10.025793571013214,2.8457091386226967,7.117255601903685,0.40286288326793296,10.243529842745874,0.7175928123535649,0.528068633123477,0.7756525470364478,-1.4508105329654184,-0.15962165147752805,78.94763850384741
8.2195046,9.209089723238181,4.222874168456784,-31.853487338968513,-2.6345860827187333,3.484691261436514,1.2968528340602217,15.587555490097458,2.90801107631635,0.4377520771616324,1.924388743518272,-3.0686701508860112,0.3757788096838946,80.48684853599482
8.2868329,2.2334233658972593,-9.125289297036748,-26.134951110931635,-0.6039340283331182,-2.8864049534325895,0.06971451701923234,18.197080056798242,4.0605028631683195,2.0640589498335338,1.4451731062722728,-4.4709916861829635,1.4086474187850464,84.09974905033917
8.348355300000001,23.263930808867684,22.913506033416596,-8.527532837385712,-0.23114470919527658,-3.744791284621212,-1.5175296823300672,28.75176942867312,6.389944300063134,10.167807182530776,2.1378808443935724,-4.314795570012183,1.0449299264491307,84.77627099208195
8.4016204,10.646549543477423,-10.201265256647812,-5.750740105105985,-0.4719662849914857,-3.179838446183993,0.25581032696098505,20.967518425012205,5.140573136620038,3.481028599850762,2.664403710004601,-3.575067558835414,1.9554834654217386,81.97916135412981
8.4600547,8.943012612280704,-4.852643538174396,-0.43194801715017506,-0.41197215180291447,-1.4699976212935946,-0.26787214906156465,5.249192847268007,3.030239315870415,2.52287584033552,0.6469207480206468,3.3303377113156727,-0.0749579424022316,81.45145817932793
8.526117000000001,9.494863493893366,-2.978481397999949,-1.2433578325987564,-0.5995629483309526,-1.240204777856167,-0.238930895350346,6.5701159332205075,1.0639130064709272,-0.6483721953062784,-0.785053523714214,6.0727506425523545,-1.2317334358745884,78.57686777834532
8.5932411,9.727169104984828,-3.6488994359970093,-0.748090960233221,-0.7076097610923979,-1.6875718245430598,-0.05098286407097937,12.20824239514296,0.5763666250367606,-2.9515573329967038,-0.9190647266867157,7.38738214223528,-2.1364067532441595,79.18549678842031
8.635391,11.289616632632457,-0.30608204509195036,-1.5378266006280872,-0.8227992557710218,-2.1613434377964253,-0.19054186953011382,23.197647057619562,1.057555181458621,-10.555830501310808,-1.8063738655223136,8.794047960471545,-2.9040971019273223,79.03713380601697
8.6977302,13.653078205314197,-3.064286345360176,2.586491335617753,-1.799957025803327,-3.4511115968143464,-0.6260939069491838,2.370009852448336,-11.031989238107137,-41.368409432695884,-1.3679516821035316,-0.04588234950289993,-0.314107652542816,77.98771470325404
8.746196600000001,32.46031239638708,-8.597708300797262,5.87057364661278,-2.562899459924788,-4.536195320151851,-0.8400983964356432,24.465690258766408,4.454246016447201,13.381195266980486,-0.6546583852734984,-3.585891232390436,0.2844308707243165,75.88653169805599
8.804942500000001,25.005670788924977,-15.179033595316696,7.689231009210528,-3.0939352204762116,-2.971971092647678,-1.49842860917497,13.25437205256886,13.587958765158106,-15.635541045487178,-0.9844949291848507,-4.134065728351777,-0.2252436754241397,76.42370654988878
8.8728605,17.761687513473746,-6.9327534889573705,9.568993189538409,2.2162840857359933,0.8476136169405519,-1.0058867254376824,11.85810171245491,0.022408364448435053,-5.299257056016038,1.1692100270735688,-2.2203205968560895,-0.32614933863030415,77.6432811047949
8.891435000000001,7.625300627976607,0.488966433160912,0.9341405640029272,0.7647156493239315,3.0330101245651626,-0.27813253094273277,10.875691539709727,3.007469010469033,-3.6810835658176675,0.5386778580900621,-1.2742838195317965,-0.02726674860971211,79.1770103586213
8.9483248,9.286345242507995,-2.45702539411257,-2.665421509092754,3.02651400177332,5.838864026142268,0.47016753414048595,9.82407334054731,1.7544532753813284,-0.5863288463581176,0.13708389422074685,-0.8618957304795827,-0.01732062159143808,79.81662752339565
9.0536109,16.105530548022458,-0.44220428320989813,-9.884335440607847,0.6970534155720389,7.982222142124323,1.8269409191223884,9.735586130861648,2.08243483314895,-1.139429015126406,0.8444069958169527,-1.7276771974429328,-0.23818684181940625,80.59876647431972
9.1131954,17.46881225700188,-6.143009680205174,-21.53436555060476,1.09686189965434,5.9211628454436145,1.2014194054379592,12.720010730707756,2.7232340305810885,-1.1216322990305336,1.1850015112569583,-2.5658042494366438,0.2267596793951565,83.21468330910675
9.156349800000001,6.945896908154518,4.153665543945227,-36.703847389802206,-0.88198521346117,-0.6500223076165784,0.640478417546255,14.480418180601449,3.0826130613448126,0.6277843147775666,1.632003574632585,-3.926295652428591,0.7551071936816847,85.18467008576528
9.1997228,23.82181236396964,-4.765196505328932,19.564886522555526,2.47853669561193,-3.424053097723328,-0.24741040605612546,22.324456337089348,3.7775107981162934,4.096467272414145,1.632858557828056,-4.404090913083906,1.250696222913047,85.13860550298479
9.303269700000001,14.032748427294013,0.29172457971845045,-10.385480249185926,-1.414815193786216,-2.6223227704027527,0.30150122862344025,13.804266865047136,1.4369638493075714,-8.260288562032423,1.1314577693305625,-2.054790203502956,1.2725868048084374,83.72926444295369
9.356075,9.07917537113074,-2.927137816835728,-1.9061766901624106,0.06401886962855784,-1.6912548980532236,-0.616424096640713,5.87707492439478,4.442919924975388,-1.8403882841348007,-2.2854719313955116,4.281274690497445,-0.6511228649026986,81.95447885470834
9.445586,9.79874837412261,-2.562396825542374,-2.36460984090402,-0.5830522888176393,-1.3592620164777716,-0.18245066884124567,8.717809417097616,0.02336314387814534,-1.6347403972349106,-1.1040475795162805,6.289737163906029,-1.2067271589439341,81.7197514109477
9.5233968,9.97561899991873,-1.0636754946652522,-1.9075160943509613,-0.6940985203430217,-1.2284719720139483,0.165483878920674,19.817929595132867,1.4675289082890297,-10.188928685053416,-0.07279742419630056,8.446342001250592,-2.973400286152438,82.16067805726497
9.5512712,11.739449993012443,-4.1705190231417975,-1.0699698065588308,-0.9706198422193405,-1.9165492393820334,0.027393369394684987,21.881521118048834,-3.003085199123184,-21.2529603229905,-2.1917624534908184,6.751956601950327,-2.3464242489530474,81.95444964275029
9.6374005,19.148607559711945,-6.235018670955684,3.22163559740559,-2.6655292336109415,-5.992154023553308,-0.6339405288855906,34.98650962172321,0.7155363388126834,20.784176225120202,0.20242248540024113,-2.7343260722470415,-0.5294269525311998,80.56542868518642
9.6946442,30.17275626342336,-9.203938121055955,7.27754952577078,-3.195251246016202,-3.644476235362978,-0.6866142322491335,22.77254369948405,-3.586415217332079,-8.184012816788949,1.2623962372858109,-4.284064794590952,1.2476283680795937,79.12958080283813
9.732419,14.182595933454195,-13.23078745032846,1.9344546917579875,-0.8782551417244561,-2.440135824759679,-2.131466793238781,10.003174280244501,1.5953058617895914,-6.572950046529053,0.14191299964504908,-3.2203584148226816,-0.12546738356248863,80.17292354491556
9.829546500000001,6.034727347701212,-3.7848137086902223,-1.419744566172594,0.9297291342448932,3.5860882679692585,-0.454960834540586,11.252948809701735,-0.37349245630203726,-1.820490979183775,-0.35831333830191464,-1.092601271814794,0.0507720990521153,83.09160376648386
9.8828311,7.091649797715961,-4.842982413887183,-2.0099196100595114,3.0676922856449043,5.200322867172288,0.22981353551416417,9.613041774359644,3.0338920246054935,-0.6756898669706453,0.6350507282591287,-0.8101985391926005,-0.31710578428177744,85.14892540706822
9.963390700000001,12.9126895092197,-0.05410063483697247,-7.339764295528696,1.946765096284619,7.079443748631318,1.1524938000783242,9.584847798622725,1.1780339282162895,-0.7365143880654309,0.09274429356509815,-1.0774022696739305,0.058570949894990114,86.25812760770725
10.0482847,14.675167375591673,-1.79032436670452,-19.817040200149847,-0.9163734842228641,5.155622329172398,1.1159515714700312,12.013820778311985,2.437373085850777,-1.6238159299674937,0.8737703581999439,-2.438328414205612,0.399330329459409,85.72144171456655
10.1026553,21.630781041268243,6.4324936218608375,4.5250561348106935,2.0318615897339893,-3.5382880319267964,-1.0165769267323288,16.607050981744983,3.9820478308541087,0.025746013637325545,1.3579087389517912,-4.099384824796018,0.8382231289196392,80.05872325194818
10.1486394,12.708850911868517,-10.256612640005837,-3.261958088437777,-2.353130187490202,-4.026577679120878,0.17632807444836385,29.32346803657105,5.882301062211999,4.927278586360414,3.076905606300474,-4.528488700587908,0.8193027263534186,78.08957413780288
10.2163024,15.679532163994239,9.403542371652472,-13.149909008606652,-0.46525828857878393,-2.4581948297667346,-0.5883869177688179,11.325003703079156,9.077672654635286,-1.8256389584405186,1.4355182836111005,-2.448224774610827,1.263524871128284,79.94962903195014
10.304822600000001,9.79532538471134,-3.678085079573999,-1.8325918645536476,-0.2965463890412253,-1.7252802689503963,0.08669553514564277,5.817662965346585,-0.013977657008473187,3.155769185984499,-0.1178457012404084,1.5784338968108043,0.15544893225168854,82.55250022818005
10.377842600000001,9.277726415694943,-2.4024632406436144,-2.2828031159936426,-0.3172448201527688,-1.1001993221982134,-0.2593519787343321,7.739331230381358,-0.020039111969660392,-1.7191642304033632,-2.46191548577066,5.7921704442334505,-0.8875692919580357,83.26725241208678
10.436068800000001,9.441635637727689,-1.242673686023132,-1.7531531570022434,-0.43368989445890943,-1.09777541570766,-0.14289498874699222,16.265975691667062,1.4734490176375052,-12.55440852188292,-1.1596169816872444,7.722330844739511,-2.1419396135881192,84.98655779394372
10.5436361,9.48127676191784,-2.937188464497763,-2.407280570930905,-0.3300237652091753,-1.6005347233916085,-0.3647343233700783,18.666082187634522,1.4662164866382632,-20.91669227749502,-0.6668678201085609,5.537575019881345,-1.6036029752750607,88.01722249924437
10.6006856,13.576310852888726,-0.3837456356865653,-4.235865645694293,-1.5735876322158837,-2.7186462545907624,0.13719957024316817,15.24804123144029,-2.5056503715915497,14.079618651415588,1.0452622973963162,-1.2877039632738652,0.12009123168360267,85.74400444223711
10.659131,20.618698687048003,-6.543927609645825,-1.4176761014601602,-2.004064388676173,-3.27195698572194,-0.2201344277967231,15.999611212910596,8.603894119438488,-6.105370528870098,0.2590693298114976,-2.544600564397059,-0.018165072949800617,83.73808465208258
10.731556000000001,11.043489165912131,-5.865755094298477,-5.77007067201996,-1.6730806557481883,-2.550933929071313,-0.9837156076765725,8.24201412047129,1.1480209243964343,-3.585456312076545,0.22187014463104085,-2.0381971859037837,-0.11634252883630267,84.52786639259371
10.7615178,4.995003237158701,-4.170661248598597,-1.0556169392515302,-1.0036241373937067,-0.39370599595083067,-0.3562949812597668,11.368846136986035,2.3615216092438476,-2.4277484266538893,-0.38064611372295964,-1.3167243073411936,-0.10009846482154182,-65.4436080453327
10.847804100000001,4.094933816181716,1.1888185420588109,-2.756363516640065,1.5579922815743803,3.5712395946734143,0.41846044406607646,9.600758695102025,3.0870170263735144,-0.6850424937833323,0.044580335848725665,-0.10454862205717366,-0.169198502561672,84.9747032360454
10.9526613,8.631285581121245,-0.2864560219934254,-14.05519266993963,2.2567843562064764,4.46070796097956,0.4888693598524245,9.642359786922855,2.2984447996182733,0.30500541037501894,0.08636384285985468,-0.017131926235573004,-0.12594259857681303,83.67768408143935
11.0424675,5.402701891446624,-0.9777500579684577,-21.42625170524243,0.5913230963008407,0.8661054679622086,0.17086632920718292,9.831214000790279,2.924897269587442,0.3879104251270637,0.23972090936479137,-0.32041700792559796,0.0027486382775379634,81.95540115216001
11.1345586,10.155387606950967,-0.7894891708437008,-2.479544992744732,-0.06238527139120731,0.04315970767454852,0.23097681339687595,9.87628321542657,2.8666644943596706,-0.09765922278165817,0.6696635901592234,-0.03794741410622826,-0.03644664709957453,81.47445311770994
11.2082235,9.506311075217162,-2.4867556986484702,-1.0303904354137448,-0.14212381847571826,0.023326718230665868,0.11804338845948961,9.670379195772435,1.5972102972952085,-0.27670426497877754,0.11271092332079358,-0.17762564816996188,0.13663759681883067,83.83808102224536
11.284844300000001,9.812039863799303,-1.9504690297233087,-0.628457053574621,0.05641373598219322,-0.07659028776435346,0.06147789960479395,9.764263394790861,1.9851375650700336,-0.3481360263950814,0.09220281746324306,-0.2102011551024727,0.11034902271037828,86.26963715982265
11.3014568,9.765922546386719,-2.5259825109169087,-0.8084150874994636,0.047029265409873566,-0.0723954875651081,0.06397498600279325,10.170456033588723,1.4109904902369916,-0.9740745371274127,0.2931131000838379,-0.13447790795222025,0.0355445292038239,87.56184300554447
11.36923,9.724317367541992,-1.9626495015053522,-1.1552216352497195,0.078258644729372,-0.05305913447927449,0.017830767300761035,9.768021118195314,2.194465145110107,-0.6727370035706333,0.14009281419717343,-0.06106805743595238,0.06003354405445422,87.64028522909658
11.424473800000001,9.673733449229479,-2.2095398902893066,-0.997004645228798,0.11298435843737936,0.002093493168563845,0.0307369745448432,10.06502840763992,1.4464077651691425,-0.9583537933403194,0.1514657671589194,-0.05644299193614044,0.028312274567047643,87.70322121350124
11.471536200000001,9.875274833729002,-2.0030421789577733,-1.0470868015386956,0.1267183183399279,0.021664274649752492,0.04204904228929489,9.90222586721136,2.1954605512233254,-0.807785680384985,0.19976989837545525,0.003564868182424576,0.015301367924851495,87.56515370585525
11.5184035,9.563923180110933,-2.246245028709819,-0.7090186869086262,-0.10846753439525836,0.07671177673871715,0.05937963801064956,9.993829495132038,1.639826251986572,-0.9155552387237549,0.14259315501532815,-0.009445992328701466,0.006938380974540519,87.10243924738559
11.566196300000001,9.724305506141942,-2.323306542054404,-0.6952610580789651,0.07127141995665649,-0.029856734179483854,0.021024041798294285,9.95722124668444,1.818606167486086,-0.7406319662987721,0.22427207279786796,0.025270836946467805,0.001081139002591009,86.66289785646153
11.6394757,9.807550273833751,-2.063051223754883,-1.02700602099021,0.05458270939077017,-0.08764170759362518,0.0008223672062044167,10.012071184854992,1.6946239050975183,-0.88313868048554,0.19347396100541112,0.06088442727923393,-0.011749626137316227,86.06533990649527
11.702868200000001,9.685479912366663,-2.2289456563769177,-1.0210438847587582,0.027963379221808263,-0.022239567888129405,0.004081054766822507,9.957252502685595,2.020204023184903,-0.6736436356748513,0.21033541907606076,0.06232275327255289,-0.013166757870664398,85.62949569770468
11.721481500000001,9.70706246785069,-2.175094210627014,-1.029774831776489,0.0719467897402497,-0.022240661601510347,0.0,9.97968337185494,1.8717142849840143,-0.773310539329351,0.05499812673550353,0.05199085202695648,-0.003924199019468599,84.414223158718
11.769046300000001,9.709906508845668,-2.1550004270768937,-1.0842930943735185,0.017650281109156146,0.051529517637625824,0.022560315492052223,9.940798326748885,2.0386364459991455,-0.5493331551551819,0.04190822404903584,0.04416715217169918,0.005887595843797904,83.67260145267682
11.8545671,9.743661353970209,-2.1966121918228545,-0.9370963459389061,-0.027331977421241393,0.09644710323766172,0.03418073058128357,9.977742623623616,1.8634385127808826,-0.6390791374692171,-0.010132637370618121,0.02211443388894681,0.008545182645320892,82.97723176192636
11.8914831,9.687647130476227,-2.263247632711809,-0.8042839703830854,-0.06641957420618788,0.08400826090053973,0.039268957178967716,9.961240768432617,1.9390019122844957,-0.5288686959852149,-0.04055844337373774,-0.010995961004211026,0.007649863649520182,82.40799619214843
11.974850700000001,9.709925261510682,-2.1269994264557246,-0.889012102409625,-0.02800729553846102,0.033994501880076806,0.02412643991253366,9.987618814829048,1.8579179721885262,-0.7363700954988265,-0.0760478588192415,-0.04968767635635874,0.018711389898881842,82.24720845761784
12.060374600000001,9.659002531479587,-2.2095398902893066,-0.8738816252792903,0.013333459827096762,-0.01753236182533709,0.008913490626354017,9.950988549790624,1.804740829813865,-0.7241465275600758,-0.043451959044084575,-0.03238653600181577,0.014611966983084717,82.31032400719268
12.123031600000001,9.722147831733105,-2.443961800495061,-0.7800332249835864,-0.011315421539463811,-0.013735809091406589,0.010314264038998934,9.954879576037982,1.8272132388579803,-0.7773765436637359,-0.01764699914938538,-0.013715417402225637,0.007306530418234968,82.94573172941213
12.151568900000001,9.721267270956439,-2.1770921637098413,-0.9429429949916535,-0.027721949855625126,0.0088329291494865,0.021468075812301552,9.987599562060645,1.8741090855372022,-0.691389351316501,-0.016410075567694186,-0.011021623168124915,0.00849746939907718,83.41013314611872
12.199366900000001,9.685538374333888,-2.3051270522097105,-0.7619266647805449,-0.00648969540282363,0.00898860346135353,0.012817773967981339,9.936826705932617,1.8086346949045506,-0.8062620277473751,0.025974872512400767,0.006917873848647806,0.00337410578021438,83.5261132833222
12.266664500000001,9.72422959757547,-2.233954906463623,-0.9084188997943841,0.02474811311171416,0.003828873910536188,0.014691064679160398,9.977312146007229,1.841386188863716,-0.7241001426143449,0.01815851218998432,0.011526588080354314,0.007477034814655781,83.56621971203384
12.3094012,9.716102112213843,-2.334649780045913,-0.7355440695505815,0.034001771573291525,-0.020294807851314545,0.005964292494636651,9.942597538034425,1.8780165164213087,-0.5673114043120171,0.029798069477169044,0.029966386020063393,-0.005845689222276691,83.533503866664
12.4149998,9.68351793386847,-2.2115776996031458,-0.8992724348597813,0.020649764206140273,-0.004717516187097757,0.0012464459324556011,9.961240768432617,1.8275132668488343,-0.7220353923406103,0.04398493847299007,0.023814008586228858,-0.002608430128724825,83.4076741823624
12.4997022,9.68047046661377,-2.228867533325035,-0.8575728162293488,0.01522134583677992,-0.021095679862631903,-0.0008902826920889807,9.947245893916712,1.8242667755020243,-0.660987669909417,0.00031288211964687943,0.0024491777809771027,-0.006408886983990669,82.92566570323977
12.637366400000001,9.689584105062412,-2.233954906463623,-0.9317755366800018,0.01015478790166878,-0.012817773967981339,0.006138158271149281,9.931718543963383,1.8728403812118182,-0.7288943412635629,0.010681478306651115,0.0032044434919953346,-0.0028938288918070416,82.61324803337956
12.682872300000001,9.722198737500602,-2.2248561982154116,-0.9053444000104519,-0.0056901358586211835,0.0029324171056344986,0.008098457906312244,9.943906734872725,1.8450878908452946,-0.7044893403415763,0.007477034814655781,0.012059380806408514,-0.00167166365769179,82.1437127783196
12.7461351,9.699770185167132,-2.222909907990742,-0.8525417408182727,-0.017710910379098943,0.019226660951972008,0.01388592179864645,9.976967415613721,1.8590439002797376,-0.6469923853874207,0.033122014568547166,0.02151689663744913,-0.007169154497919849,81.76221933042008
12.8315704,9.66826343536377,-2.277663621729115,-0.7934812307357788,-0.0013442090787594357,-0.002584365354250035,0.0032044434919953346,9.936826705932617,1.8450724929361357,-0.6225775480270386,0.004726619089925112,0.01189659387288067,-0.0019827656454801117,81.64117158234563
13.005647900000001,9.690721523072007,-2.302073711501716,-0.8667256236076355,0.004166487544294327,-0.020123620727850546,0.001965107606543649,9.947286973975464,1.8781933207281813,-0.6504860141511368,-0.006257817823247684,-0.015869370216934534,-0.005493585598312579,81.34463945669233
13.0458026,9.692678451538086,-2.223670787913812,-0.9206972477851993,0.0,-0.03328087711252599,-0.002136295661330223,9.935095431480274,1.9026237399999515,-0.5981627702713013,-0.00808295202769914,-0.023953690052339535,0.002136295661330223,81.22100329224608
13.118516900000001,9.690765277581281,-2.216599992892709,-0.9437954078346902,-0.0009007882627267991,-0.025802906572578416,0.00045039413136339955,9.938552936996253,1.8660063624443044,-0.6923694288010545,-0.011749626137316227,-0.023499252274632454,0.0006149983478579903,81.09455588609822
13.1514883,9.710042465667021,-2.1973326206207275,-0.9432328460586419,-0.006740324559711641,-0.010801255252332456,0.0004512145214023129,9.968306761033311,1.8450318693458598,-0.7551450014770467,-0.030376384368517497,-0.0323627047132499,0.0015363938718820588,80.88040792728614
13.2565532,9.692678451538086,-2.230659116828252,-0.9432656616735506,-0.014954069629311562,0.00012456255424166834,-0.0036958571253043995,9.962943917487719,1.8433178663253784,-0.7690663933753967,-0.015898217705412068,-0.012842792661570448,-0.006557905432144384,80.82344240280484
13.3046851,9.684177503058438,-2.15553333984542,-0.8874338308375003,0.016833036281769315,-0.04793798654920556,-0.02900215519231654,9.93513293200993,1.8589126541934031,-0.7622916202042879,-0.005816094331518646,-0.019374858985875414,-0.01053328014353311,80.77666625153527
13.404885700000001,9.724818440626294,-2.110480612629326,-0.9602532453922754,0.03016956942704355,-0.05648111821907151,-0.014269863800858602,9.928131133420937,1.9636356852568173,-0.6662245390663284,0.011903292867338955,-0.029300990552720958,-0.0032119627714893295,80.73900116484512
13.4531221,9.710068368490628,-2.1296145388675103,-0.9917964785165859,-0.020748289157280646,-0.045476874481311116,-0.017674955092756725,9.961240768432617,1.8572767569224446,-0.8266003939309896,0.0032090917738643496,-0.02456739917397499,0.0,80.62554895764052
13.514818700000001,9.687487753225199,-2.11370729621937,-1.0828059231992355,0.003338970237851532,-0.04913479834794998,-0.0077713804283025215,9.980429420485839,1.9357507154240616,-0.734173811627887,-0.007629471117124948,-0.042573476791225445,0.004425027625129613,80.50757274597953
13.6098396,9.704885482788086,-2.099673271179199,-1.1126765308704771,-0.006408886983990669,-0.015706721133577996,0.007161538885147836,9.940289427546801,1.9026235183934586,-0.7934812307357788,0.01099213266805295,-0.03296108299335088,0.007022538733097815,80.41902040280328
13.673113,9.72588937303618,-2.152093565511319,-1.0672502130151758,-0.016304941971770945,-0.01588085447134693,0.008246735606495609,9.936826705932617,1.8904210384594224,-0.8178960084915161,-0.006106748662504697,-0.028699585972679235,0.0024384339828161946,80.25688542671577
13.6915422,9.706670061779779,-2.099673271179199,-1.1457117810894957,-0.012973881572616551,0.0068772097978963085,0.010681478306651115,9.94026755114671,1.8641276370545135,-0.8283829243593318,0.003354985064135924,-0.021965122901864587,0.00030108314428117967,80.09962000515384
13.7415214,9.703112566347512,-2.165927392182545,-1.0394026226718462,-0.024713547022518073,-0.01755587651509814,-0.0027479548696235432,9.935111056700965,1.8782245699489344,-0.8842781907264332,-0.017390589613711104,-0.030058251289274356,-0.0007679235075957931,80.01601206349478
13.8249303,9.696135904943684,-2.11886654256569,-1.1614673242028233,-0.009156431711096358,-0.02562939526524424,-0.005038190689321731,9.940247924058738,1.9131410004447602,-0.8562288939083267,-0.0076063498706846,-0.025465496338995437,-0.009143914088667857,79.94986653214715
13.87322,9.713619399546843,-2.2200268743224956,-0.9347430004090207,-0.003201572126859138,-0.0372346330336803,-0.004883371706631395,9.9507383155896,1.787119833162465,-0.856497845209684,-0.017686985939947115,-0.036764490257094676,-0.017090365290641785,79.93054846287869
13.9443871,9.725809688560792,-1.9061095395223075,-1.2434067873373147,0.011446393703242947,-0.03158603243207475,-0.0097652199217647,9.93342948081978,1.9009577379859048,-0.9745764379478759,0.033205696218301335,-0.03177493599043654,-0.017387619948074702,79.92011032420935
14.023057900000001,9.727578954498938,-2.024707326200694,-1.2590841478419055,0.00840137774157637,-0.01511154380072283,-0.0035057229671407028,9.9157870376165,1.8992919410978044,-0.9782799084065695,0.011272159134668688,0.00593141998134313,-0.009317990061977217,79.92033415721681
14.0711999,9.718794510945244,-2.064752607999836,-1.2051299225119856,-0.006098135669629758,0.025473677954826877,0.0097622122099671,9.935148557230619,1.9220574406095676,-0.8877843192394819,0.0032044434919953346,0.006408886983990669,-0.00029366204278365025,79.8268231403873
14.174984700000001,9.699628006766552,-2.0700009147168488,-1.1144392004578212,-0.0032044434919953346,0.018322432884066993,0.003812548131800584,9.915755784395593,1.923250442764665,-0.8545182347297668,-0.0012144507209379827,-0.003833682651841833,-0.004418894212933317,79.51172899791311
14.602220800000001,9.722357193333963,-2.091050184323848,-1.2015894203748743,-0.006242232407569222,0.01633583937037217,0.0038316881159671167,9.96844738069576,1.8921475410461426,-0.9821311644718678,-0.01286480364336196,0.003933813602912828,-0.006215983286426549,79.18970151473098
14.6745245,9.762284400947754,-2.0683329149325322,-1.0877527405650445,-0.007477034814655781,-0.0035227548270936933,0.0032044434919953346,9.959592436425865,1.944273857153074,-0.8855265417249136,-0.018446979094208487,-0.012673540515869258,-0.008545182645320892,79.07250902230922
14.722929,9.706503106799211,-2.094378194140057,-1.1267590854318381,0.007013710483653084,-0.013281098298984034,0.005340739153325558,9.970189042416099,1.8921475410461426,-1.0205323391704149,-0.011607015002218467,0.0027067402017212686,0.003702146782269401,78.99033871644328
14.7665828,9.722404065334153,-1.9882208888118464,-1.1559784513085596,0.01481530433893776,0.010355551719129597,0.008358020943006732,9.923003199401684,2.0003985912198985,-0.8952699972758384,0.0019949332068431216,0.023357889696890836,0.0007068122724355083,78.77931787924801
14.8078301,9.722413439734193,-2.066804151261614,-1.1124408323054094,0.012352262210216753,0.01007884223375059,0.01374879748351051,9.9246187210083,1.9734150490625924,-0.8391015743852257,0.0009277423753863364,0.02271191442320232,0.005340739153325558,78.72287711072948
14.872902,9.717093467712402,-2.063051223754883,-1.1161985144059179,0.012215548037598667,0.01341999989836401,0.013283695868263778,9.95964202397368,1.905953721221164,-0.8348997790672122,-0.0018565068427998405,0.019646344057793058,0.003713013685599681,78.47388774829126
14.946126000000001,9.715557091675233,-2.021093133468413,-1.0955945419072037,0.01815851218998432,0.019559149295530293,0.01875978164540757,9.94744477637611,1.9117952967275964,-0.8529292273716723,0.005618815780430746,0.019087622517191323,0.0,78.28174427718629
14.994727000000001,9.706412484059028,-2.1050137630058865,-1.0345762798091322,0.009012471687329514,0.010080619517994625,0.010681478306651115,9.947450823376133,1.93035266786066,-0.8343960294891979,0.00278891593728575,0.015606689094711253,0.00278891593728575,78.17872680755603
15.0385753,9.722438243909433,-2.0561887006450745,-1.1368060002572984,0.015756650148201632,0.011414727399984406,0.012350091778649028,9.936826705932617,1.9394005887657615,-0.8072651274055033,0.006408886983990669,0.016160161249100222,0.0,77.90186587042507
15.154672300000001,9.715594590740139,-2.09431882178022,-1.0986663103103638,0.00807666317575871,0.00500332857530412,0.015422588690369655,9.926184568536996,1.9638261032360858,-0.7903496809360985,-0.00041101540949556136,-0.0009311426941665911,0.007477034814655782,77.78399293552114
15.2296723,9.748349127498457,-2.0928320747366698,-1.0703604921462044,0.014613607241230871,0.0007276859645160938,0.017559901446855593,9.939939405145367,1.9394207013550626,-0.8088014100187568,-0.011749626137316227,-0.0032044434919953346,0.0086813673917805,77.66786644037497
15.2728079,9.730766217768405,-2.092836762628248,-1.0918297349979373,0.004272591322660446,0.020294807851314545,0.022431103512644768,9.926168941316151,1.9425272411770291,-0.7903809339281113,-0.009613330475986004,-0.0002712756395339966,0.008545182645320892,77.50005231323736
15.3115805,9.730756842168368,-2.141671111018488,-1.0258719402890417,0.0048703821976819345,0.01555185998311668,0.025165190570212853,9.945943189250146,1.9227433543069161,-0.7874548253032899,-0.01268256365126205,-0.0026636022251181834,0.005611159786764133,77.38158343401516
15.379907600000001,9.685851792619061,-2.1280240216115427,-1.0132144689559937,-0.002733599881498644,0.025635547935962677,0.019697504151938182,9.945969818899828,1.9150303746204393,-0.7523113440068393,0.0,0.011883671416816774,0.004938603314823917,77.31573512449964
15.4445457,9.710268371315447,-2.1240882873535156,-0.9780344134955954,0.0035492366353381496,0.0020101084800037295,0.012943961149307834,9.933897904222805,1.8857976983869722,-0.7783450091439162,0.0,0.004272591322660446,0.006537020963933469,77.23381989432652
15.481476,9.729300498962402,-2.107928914683206,-1.0566576510530463,0.006408886983990669,-0.0003457944014019543,0.015079588784883441,9.961240768432617,1.9438992441768714,-0.7568590044975281,0.007732723043450425,-0.005212895038928235,0.00841733853092357,77.14078767602386
15.564756200000001,9.729300498962402,-2.0860501252194887,-1.0756672896364683,0.012593397292338552,-0.019226660951972008,0.013413787331251849,9.935375308697566,1.9380744438144537,-0.7475542683628229,0.011495643712261739,-0.0103752776404253,0.011749626137316227,77.09717895039479
