,lumbar,,,,,,,,,
time,ax,ay,az,wx,wy,wz,q0,q1,q2,q3
0.0,9.765922546386719,-0.6103701591491699,-0.7934812307357788,3.378551483154297,-0.11429181694984436,0.21576586365699768,0.4806253448329824,-0.5499472096634199,-0.4878230164142139,-0.47810673405018356
0.095538,10.058843624390398,-0.1587103129509041,0.8176944269562646,2.8584161333041624,0.08862386360770227,0.09399167656291922,0.5038850682867023,-0.5213415634019457,-0.5015579731032499,-0.4719559426936798
0.1424784,8.13028078132938,0.7194117003688432,0.13415642975387487,2.07214766737747,0.224199465823613,0.16125750216654,0.5766423719905207,-0.4111534086924679,-0.4974753473051691,-0.5009538183997724
0.1862894,9.347697551311795,2.0212400930266243,1.3262758818170743,1.274823127185949,0.03206070361313961,0.25410160989152875,0.6083767801157648,-0.3699329612738264,-0.5276564991782657,-0.46325577865158823
0.25906429999999997,8.935819625854492,1.062637759286301,0.9759986082061893,0.990671950683955,-0.26044516528174494,0.33797515320417854,0.6492603245579975,-0.3128797644181044,-0.5804270747672585,-0.379040492361488
0.3179219,8.981355091882131,1.5414268819112626,1.2534871233834162,0.6138289665418958,-0.11529214218968437,0.1804152469313334,0.6548787757357394,-0.30592239240458385,-0.5882351846384125,-0.3626632687076655
0.379517,12.023195004133584,-1.40170434717026,1.827819540066653,0.7474073136365542,0.14784864594333,-0.011569960718794218,0.6642223265932702,-0.28023325541773225,-0.5992189664553351,-0.34815894883401266
0.4349591,10.499080989523172,0.0327296553394689,1.3056624227313587,0.7108765698156781,-0.15505276044904118,0.3408782070209842,0.6713511775378828,-0.26929851663630544,-0.6069643049606332,-0.3291811626743552
0.49013,9.206230831011972,-0.6035985406757576,1.1513941680425324,0.5255287289619446,-0.08097265714355853,0.3938054308518395,0.6777958294687773,-0.26383424586456616,-0.6120059632126156,-0.31053664076241827
0.5552545000000001,9.275800137173523,-0.7080293893814087,1.2090504964396303,0.634501135935624,-0.0940183537922856,0.3145362120844635,0.683188634916589,-0.258824025984521,-0.6158868556321642,-0.29486741724629106
0.5946100000000001,9.603327684749168,-0.00626465222234153,0.9901435235128975,0.7031095296953253,-0.2363173213739213,0.13827797108798592,0.6860083656852748,-0.2522394552313982,-0.6215097855372487,-0.28194567901606493
0.6874997,10.107247373719613,0.9351414744510934,2.3687190798326325,0.2664414892899215,-0.09197160598993134,-0.0400786503345438,0.6867132018651337,-0.23488424485357484,-0.634679594158724,-0.26539815873931777
0.747726,9.161034391650285,-0.7080293893814087,2.0089023027796045,0.3980483180336383,-0.1442141767440548,-0.08420537929091158,0.6851636834642222,-0.23003358052020148,-0.6399641995077322,-0.26092355593779426
0.8194428,10.946131181979354,1.8001615131281254,1.2473284964461981,0.14587688785912697,0.28866417063468097,0.22820206564198714,0.6948507273214678,-0.2192497570246284,-0.6369983175117292,-0.25168463257158885
0.8651155,10.375869125162122,-0.43191676860839473,0.8632210385443901,-0.11573045985632786,-0.11087137008600559,0.013663624254296467,0.696217475304628,-0.22046803307627316,-0.6355107988818505,-0.25060147241483216
0.9255680000000001,9.687133791992375,1.2703966288400563,1.6105990416260176,-0.15508570971279284,0.04158543371006511,0.024324838117125533,0.6923078816148973,-0.22520596946323015,-0.636278053529568,-0.2552299100196613
0.9984916,10.289353331484442,-0.24414806067943573,1.8271653018534206,-0.05829259939277186,-0.05523102281313081,-0.036232125179757005,0.6919164834003463,-0.22800543286785518,-0.6347484756135862,-0.25760332934158525
1.1085014,9.742198623717785,-0.4375848423776882,1.539169034141689,0.12939699762205722,-0.12465754167941417,0.14368933280914423,0.6903755767495146,-0.2258402530265766,-0.6387736185417796,-0.25366514816921504
1.1765569999999999,9.7573529132134,-0.05707570326767759,2.2223943337317436,0.14368351790968176,-0.00031831133509835905,0.1868692563300217,0.691260831894766,-0.2264139554261094,-0.6397776474489973,-0.24815266450531534
1.2675683,8.861656172120218,-0.33387319645792546,1.9367038073497622,-0.08037904740423135,0.08475759127934825,0.04096230039983115,0.693142229024724,-0.22758205099535325,-0.638166137438804,-0.24597609931418932
1.4809321,9.535754001268776,-0.3585760681539454,1.8024296766968184,-0.13525564852421001,0.17637360444472683,-0.13628647668707755,0.69387911718958,-0.22783903668633163,-0.6360448803931047,-0.24913461063404196
1.547482,10.749911943868014,-0.695543885154729,1.5665240278473496,-0.01734096206568251,0.07177507701408203,-0.09559068655454286,0.6952833685998379,-0.2254580734193597,-0.6333513803641933,-0.2541962302420404
1.5917118,9.566611569414857,-0.6674146031607009,1.6069252613838427,-0.04017996854118762,-0.027153541717851885,0.1438104098389012,0.6946773830886743,-0.23330824309317327,-0.6325458619055426,-0.25075152983785226
1.6450285999999998,10.238390541052246,0.289933642978111,2.046646568296631,-0.2579086057181793,-0.01999481949174116,-0.041940936065267984,0.6871803682810438,-0.24386431314051796,-0.6339531262403986,-0.2577145163852027
1.7696132,9.25633089687662,-0.22953419435408806,1.6806119426176966,-0.4244367095503023,-0.038609194760513624,0.03164681828310413,0.6852383999431038,-0.2502206515124238,-0.6314581978662344,-0.2628659452033344
1.8118665999999999,9.896609273012388,0.02872091119244273,1.440331413226199,-0.1306908155687637,-0.027871370265963865,-0.06721866771132498,0.6807798470104456,-0.2569012046559353,-0.6295283049785978,-0.27246042681743543
1.8579029,9.972815880577684,-0.5169910458352891,1.452807599589938,-0.1128270092968201,-0.16407595961118623,-0.018918604492360065,0.6775720183081179,-0.26016297489947743,-0.6309616414414025,-0.2740415908706021
1.9127258,9.57866765533541,-0.4471922562602112,1.3876123748799807,-0.02878092241383368,-0.10861799944930361,-0.01635529581577547,0.6754136934705244,-0.2616725114443613,-0.6323718785507019,-0.2746809906876777
1.9645731,9.965368739045854,-0.16668870359361704,1.5057255593534928,0.026711350472299285,-0.047306071133535174,-0.002850945886402811,0.6741451250100141,-0.26217258864100496,-0.6339021591052529,-0.27379177648754827
2.0109310000000002,9.989699591721246,-0.34188385578424296,1.3794366121292114,0.0003538162787356084,-0.04986252975728209,0.005340739153325558,0.6737734102181878,-0.26231634884289845,-0.634460442143981,-0.27327545108763573
2.0727002000000003,9.85953452339309,-0.4068259212278551,1.412011526177861,0.026726665756394787,-0.0405838754575526,-0.011749626137316227,0.6733735148033873,-0.26244040500795973,-0.6349824737624827,-0.2729292974289673
2.1170119,9.875789642333984,-0.34586393427250633,1.2166461863398124,0.06409871576690576,0.002852769628647835,0.0,0.6745214543477476,-0.2608949641774381,-0.6349461482878408,-0.27165789895729026
2.1918464,9.916474449774942,-0.317392498254776,1.2329289554267802,0.05839098631359038,-0.0057011638437548,0.002136295661330223,0.6752929655832933,-0.26004620427552033,-0.634755453058133,-0.2709998101264655
2.2769897,9.822887474368672,-0.22787777289816863,1.1963255405426025,0.054477180453962507,-0.029551816207709157,-0.007121532464460019,0.6759879083501317,-0.25913056642609905,-0.6346958019131614,-0.27028306706472166
2.3414770000000003,9.87576588483206,-0.3743056799630843,1.3509447723093,0.03667170789352195,-0.0377419063882474,-0.008188449710066761,0.6758718564363088,-0.2590974871243434,-0.6349205024961442,-0.27007717666110487
2.3926695000000002,9.908328296951435,-0.16686264597188494,1.2004509254168438,0.0484239322386579,-0.013878537668487467,-0.011392346275369487,0.6758397892127376,-0.2588669614112062,-0.635106853154395,-0.2699402909588236
2.4640150000000003,9.90831944445985,-0.3336919426200913,1.224694868567108,0.006760925978482242,-0.027419803671478754,-0.0007100934125783424,0.6740210145386776,-0.2627325917051267,-0.6339312607999924,-0.2734929867413277
2.5354524,9.814664730555574,-0.3986584627445162,1.3510109792750868,0.0014190911512139818,-0.01282543290249059,-0.003906330133093075,0.6745934002987853,-0.26151040121317665,-0.6345727793977524,-0.27175989766346903
2.5694771000000003,9.928719816532531,-0.2523498662790588,1.297990369070574,0.00214463415860058,0.0160055398469777,-0.0067677157599691585,0.6748312166214498,-0.2617030208819135,-0.6339900386426063,-0.27234351256536815
2.6510921,9.90841705128894,-0.4394665062427521,1.2451550960540771,0.005330894472858599,0.0014176339872421758,0.0,0.6752753237494775,-0.262148420417357,-0.6330532194652422,-0.27299279135613913
2.7350513000000003,9.875928063772864,-0.35401469469070435,1.2532470027478544,-0.003216611053358344,0.021710893251292687,-0.016730259845988568,0.6761009107298864,-0.26228998328706155,-0.6315377646830489,-0.2743202051556366
2.7895616000000003,9.839009470508145,-0.35417251177699527,1.2858991138641833,0.025288703148708017,0.017076556542338764,-0.009973982463352517,0.6765460535202298,-0.2621419792957308,-0.6308738138130592,-0.27489134435643153
2.8464584,9.9204924225914,-0.24827448502097135,1.1352884769439697,0.010681478306651115,0.018504536692203276,-0.011027501877547492,0.6771106633591623,-0.2620325197573257,-0.6301131382503223,-0.2753498522957177
2.8567607,9.884049545967818,-0.24827813853247924,1.200455613354201,0.0021522932670890323,-0.004979357341184251,-0.02065618997854617,0.6773223001019542,-0.2620331959685335,-0.6296073905877184,-0.2759848541359464
2.9007078,9.920482518791358,-0.2114605962337437,1.3140616438294823,-0.026686057065223968,-0.014592140890477646,-0.013523993059812535,0.6771447114281046,-0.26263981051660734,-0.6291112803198072,-0.27697358482556245
2.9685721000000003,9.839387291465364,-0.3176128217350564,1.2774144344096665,-0.02601730183608109,-0.014973348795226025,-0.02384244784292194,0.6767687804087924,-0.26334716667184394,-0.6287798847026924,-0.277971481024902
3.053091,9.883849533166998,-0.17919818179932728,1.2573624849319458,-0.034201239084532126,-0.00816178703380208,-0.01995243267306397,0.6765165232829002,-0.2639239833137739,-0.6282925538483667,-0.2791379435614336
3.1273518,9.936826705932617,-0.24830470354326312,1.228528544894256,-0.020317779386609686,-0.013499244626971984,-0.0117725970584058,0.6763120458810232,-0.26507495519002855,-0.6272008299623408,-0.28099182127204436
3.191055,9.883833907166935,-0.3087854249411464,1.2776144935238747,-0.0032044434919953346,-0.014225563274756554,-0.012089267613426331,0.6763085818248058,-0.2654748310126986,-0.6268171625288553,-0.2814783490930936
3.2314127000000004,9.851374626159668,-0.15065642674603769,1.2210356583518367,-0.002136295661330223,0.010265130361902616,-0.01748087001784194,0.6763834846037038,-0.2656337786513582,-0.6264080330810341,-0.28205859938371436
3.2792362,9.83145808587684,-0.2402935022354492,1.2204184544676933,-0.0014054216945139314,-0.0010963109502244376,-0.008517019525761567,0.6768495186152198,-0.26594013907016806,-0.6253830920057569,-0.28292500740479554
3.3733813,9.9246187210083,-0.11789082246510665,1.2245813016395841,-0.01312391618416915,0.017792481820099532,-0.01672433428246961,0.6771730494232897,-0.2660367910875072,-0.6246620499974784,-0.2836519173486626
3.4503060000000003,9.899835604613102,-0.14229679820396585,1.248978400877339,-0.0025030997864645497,0.0024385706969888127,-0.01678808993516514,0.6773444769206762,-0.26621003478323046,-0.6238806146165319,-0.2847975696375682
3.4699880000000003,9.847177691882603,-0.2235471879254989,1.179921422300091,-0.002136295661330223,-0.0028372292243431536,-0.003905377055008265,0.6775567853876157,-0.2664411151349467,-0.6234116372701409,-0.2851032536766458
3.5584789000000003,9.867783817094958,-0.08965378353554379,1.1558998158908294,-0.006076082091538176,-0.021328089425900136,-0.005375605729979373,0.6775834382961894,-0.2668222985335877,-0.623067074005463,-0.2854364490429324
3.6211763,9.871982523190077,-0.2971780825686711,1.2207403182983398,-0.002836908754562178,-0.03130936422335204,-0.0017687609238970664,0.6773984157301437,-0.2673732364021781,-0.6229728687213048,-0.2855656556017637
3.6611854000000004,9.904410014243464,-0.10227626314751244,1.1352884769439697,0.0022082073161273363,-0.02570745959075979,0.005672817878614891,0.6772463939985691,-0.2678611597139222,-0.6229784403304374,-0.2854567985109191
3.6999618,9.871575520314162,-0.2365889439132109,1.1395023932121908,-0.00821447106175774,-0.026703694835305214,-0.004272591322660446,0.676992133993747,-0.2689960409518424,-0.6226083593904473,-0.2857999497550049
3.780784,9.89643924927043,-0.215512001347319,1.1719107627868652,-0.002875014721790207,-0.024936759026251108,0.006039527453760677,0.6769195387857185,-0.2696108481129998,-0.6223919115766905,-0.2858640183615843
3.8454982,9.911941137404156,-0.20001457198893655,1.1719107627868652,0.003163297792349801,-0.01959642513967633,0.0010681478306651115,0.676935896937059,-0.26997937301891706,-0.6222253857663184,-0.28583998826316814
3.8694598,9.900203704833984,-0.16244456112865419,1.1803698442389043,-0.012817773967981339,-0.001850426326385804,0.0003279773001107899,0.6770183206931997,-0.27042375266262253,-0.6218675679518904,-0.28600334853149134
3.9069736,9.944304021573869,-0.26058970285899263,1.1639375241117382,-0.0017658002535352081,-0.0017658002535352081,0.006038391576195654,0.6773370294373579,-0.2708153707785561,-0.6212483546281178,-0.28622380294955385
3.9657214,9.859856750314442,-0.21497655872024757,1.176151783449248,-0.0050147708445306746,0.017045243230733698,0.006408886983990669,0.6778435563383919,-0.27119410091612534,-0.620446466962452,-0.28640540217081556
4.0308516,9.895428689516207,-0.2813000193030726,1.1469661289004869,0.009566978438787403,0.02178080767513283,0.006408886983990669,0.6785742627867462,-0.2713095088858792,-0.6195025573906282,-0.28660896995383434
4.0694341,9.880039370351392,-0.1624039374887905,1.123081088066101,0.00608446425236795,0.018205952614976855,0.004272591322660446,0.6791288127010827,-0.27131794732969433,-0.6188741788469758,-0.2866450382834139
4.1153702,9.855633728577114,-0.2563554644584656,1.180429217178538,0.013140556129532643,0.00283176065743843,-0.005713421987882462,0.6800997525151147,-0.2713905711669633,-0.6176259427431757,-0.2869663383763882
4.1808593,9.920352822990827,-0.2966530231698867,1.1316131340560092,0.023872529416875815,-0.004864092540716933,0.0,0.6806153246264688,-0.2713219135232951,-0.6171151201195505,-0.2869078730977873
4.2256319,9.835501115259854,-0.25208474831303695,1.240884385121766,0.026330007498400046,-0.017090365290641785,-0.005714426816050564,0.6808596706762009,-0.27120835388541287,-0.6169929581534098,-0.286698146520978
4.3109382,9.895928431216472,-0.11414203064919617,1.1603221041815621,0.019654903620962172,-0.009185086875673263,-0.006408886983990669,0.6811386896291003,-0.27099222664786216,-0.6168591815814788,-0.2865275705502235
4.3961651999999996,9.875134661791801,-0.17584566970717108,1.1963255405426025,-0.00710189112499175,-0.027021556217964843,-0.013510778108982421,0.6810616059163205,-0.27131290480275067,-0.6166847000087972,-0.2867828052886626
4.4393002,9.900203704833984,-0.21544277177269872,1.1963255405426025,-0.01169152261395354,-0.012241250302050867,-0.00998874759399527,0.6809574077337862,-0.27159787081370945,-0.6165436271703648,-0.2870636884343799
4.5043282,9.876482819021511,-0.25136125208290183,1.189112367595823,-0.004272591322660446,-0.011688917274436642,-0.0064695958468702535,0.6812430771004174,-0.2722145895433392,-0.6156023802101619,-0.28782077170018183
4.5492785,9.88369851116638,-0.1593837261096961,1.2329477071762085,-0.007853135503528137,-0.0021964498972821813,0.0,0.681343096118238,-0.27258580398533183,-0.6152042570100015,-0.2880838193902163
4.610790199999999,9.921020850075752,-0.24845260405729663,1.1474958658218384,-0.009236682930423176,0.0003148527395394538,-0.0017596481157673943,0.6816624354338776,-0.2730288542829665,-0.6144974590585754,-0.2884171313529039
4.6658254,9.887996673583984,-0.17162559087985732,1.1805303169407724,-0.017467470916395333,0.0032044434919953346,-0.0038954853681066343,0.6818314166291077,-0.27341638904433074,-0.6139357163253301,-0.28884655739614784
4.730768299999999,9.921040704051348,-0.22331171633873118,1.1510743246710855,-0.010303962157077847,0.0046501074722337145,-0.005340739153325558,0.682118262889515,-0.2737202366563465,-0.6132919959084282,-0.28924874283571145
4.7707828,9.851374626159668,-0.17954398334239946,1.2207403182983398,-0.011371611450027217,0.004896828234834631,-0.00785504950194479,0.6823161896272166,-0.27399205447491676,-0.6127699500014401,-0.28963073012448404
4.817169799999999,9.92029243539058,-0.21108041783041642,1.164801557528199,-0.025324522261933956,0.008856207388027039,-0.009991892019965486,0.6826221112627875,-0.274388045672022,-0.6119300705320334,-0.290309907488673
4.880852,9.89232663820172,-0.2205161396156533,1.2408250045819094,-0.012817773967981339,-0.0036518295265493854,-0.008234801747265362,0.6827125232390354,-0.2746827823698096,-0.6114986800723394,-0.2907272673003927
4.925766299999999,9.864388297901847,-0.2075258493423462,1.2164024135972438,-0.01250876038665733,-0.004961172028655006,-0.008615736188667435,0.6831344312441581,-0.27535120508439875,-0.6102676500424535,-0.29168897479841494
4.9906083,9.855718654177462,-0.17876689609844015,1.1762549180711042,-0.009921250203924795,-0.0034401688965097553,-0.009921250203924795,0.6832972468513873,-0.27564737295211317,-0.6097679150353076,-0.29207274440352293
5.0427558999999995,9.915917824307162,-0.22759024572262565,1.176261168654247,-0.011295130055758261,-0.003658939573553301,-0.0035112693665489076,0.6834280590064825,-0.276003442483041,-0.6092940491521588,-0.292419133382048
5.0975385,9.9246187210083,-0.15434115000652826,1.155348160894968,-0.0014492190037403378,-0.023118180769299675,-0.005415804841886125,0.6835106740703668,-0.2762615519696535,-0.6089922382732397,-0.2926109482882342
5.1629108,9.826959609985352,-0.2720506978886468,1.1832461527415683,-0.0010681478306651115,-0.010757774580270052,-0.005264442879706621,0.683495904433986,-0.27655231359589344,-0.6088647629001414,-0.29263606572888345
5.217688,9.887996673583984,-0.24324797560817085,1.1928564668983541,0.0,-0.01976647726424645,-0.0010681478306651115,0.6835105183245416,-0.27704091541773834,-0.6086403418076254,-0.29260662475158294
5.270836399999999,9.960322571484419,-0.1543208355865171,1.1387450494219324,-0.004352989546473949,0.014571220944485357,-0.005723587838151763,0.683858584629118,-0.2771789450774196,-0.608078277035869,-0.29283114184102066
5.3266873,9.933389497526688,-0.16213295133070213,1.1474958658218384,-0.022431103512644768,0.025085815905164458,-0.004957020959387995,0.684565224302365,-0.27767780518508756,-0.6066165377468914,-0.2937377509197936
5.4309712999999995,9.871399955998552,-0.2075258493423462,1.1509243106756586,-0.023499252274632454,0.01717445467318815,-0.009229251206101428,0.6849717672698632,-0.2779539671086679,-0.6057175888148852,-0.2943832074219489
5.5158999,9.855774907777691,-0.23194065690040588,1.1841181516647339,-0.010470364603304094,0.008930219036917533,-0.0018382206138583923,0.6855508884388322,-0.27849831089122734,-0.6042788254966833,-0.2954755002496963
5.580930899999999,9.891507386398365,-0.19180763520383354,1.1797698650594466,-0.002136295661330223,-0.004886984814406128,0.0,0.685819315988043,-0.27875189057614047,-0.6038006161038934,-0.295591044029548
5.6543887999999995,9.92112598206828,-0.22844747097131568,1.175403901903349,-0.00076249406186972,-0.006790134014925529,-0.00076249406186972,0.686172916181077,-0.2790192403333445,-0.6031654678202489,-0.295814825613151
5.6709230999999996,9.880151863151852,-0.11422898050297028,1.2006878891599082,0.002594971710463904,-0.00976727063435397,0.0003817059699496981,0.6863125951670543,-0.2792327328157541,-0.6029600320242577,-0.29570813722421246
5.7208907,9.920250250590406,-0.17090365290641785,1.2085329294204712,-0.00793789829055135,0.00679113981063084,-0.002900801314610564,0.6865637604653465,-0.2795259809235103,-0.6024241751975923,-0.29594009857052356
5.7662018999999995,9.904577763948572,-0.19185875313279266,1.1928658427730683,-0.006711610908349676,0.003124455463201288,-0.007094322861502729,0.6867698580557127,-0.2797258253646966,-0.6019671907717128,-0.29620284590899315
5.8608686,9.92554724747501,-0.12114582238819009,1.1841181516647339,-0.004272591322660446,0.027307501903945403,-0.006710790518310763,0.6871923086555425,-0.2797633669686183,-0.6013053303054724,-0.2965317675617112
5.9359179,9.895816925072271,-0.10452637847476237,1.1841181516647339,-0.0028205885488796043,0.03007497325598728,-0.004356008321342525,0.6884620391512242,-0.27962299324279377,-0.5995910713991647,-0.29718941669595056
5.9866322,9.8670012366143,-0.22315232627402803,1.2241593872774459,-0.005340739153325558,0.0277718435972929,-0.0003844894649040314,0.689034139368351,-0.2796805194335723,-0.5987421911862452,-0.29752067210158056
6.0509026,9.895804985815968,-0.06103701516985893,1.217330625193948,-0.009228430816062515,0.035248879343271255,-0.0006832481707416234,0.6896664020780909,-0.27973590039832535,-0.5977972335715545,-0.29790358743592676
6.0893967,9.899188754165827,-0.13868910649453542,1.2529548253870249,-0.005340739153325558,0.040203946030477125,-0.009613330475986004,0.6907258267636264,-0.27978825675636276,-0.5960881342133235,-0.2988231916585774
6.1509597,9.909032739740852,-0.17428209721904747,1.2807413046322171,-0.004954472176670548,0.04058961570262909,-0.003295096591295254,0.6915910273724345,-0.27960322960955175,-0.5948750095899338,-0.29941210365518656
6.205684799999999,9.896835084457123,-0.14648884534835815,1.297353835088805,-0.0003866771716744669,0.05108732731485452,0.005248855468967268,0.6924344202938502,-0.2795663740207081,-0.5937677178038844,-0.29969503399822794
6.2908884,9.879148886744572,-0.08545182645320892,1.3173353867505186,-0.003684645128105917,0.04777267860764656,0.008839155742598158,0.6934024718891898,-0.2795428631985581,-0.5924849610019343,-0.30001728383419835
6.3569857999999995,9.835829274079401,-0.05769920105060216,1.3849683782105804,0.0007760889768119781,0.06467298568496781,0.021070896828126524,0.6955698631766761,-0.27956131700682973,-0.5898649113040739,-0.3001456677782022
6.4052674,9.835835524723581,-0.07324442267417908,1.3439207228403243,-0.030199650254461072,0.0905978591112192,0.009321818548825479,0.6966614680602736,-0.27962952717729284,-0.5882907114056558,-0.3006395937406357
6.474209999999999,9.823648884371792,0.05214043939718589,1.1619782191941426,-0.0956445493039593,0.10021572328248556,0.006019661734546977,0.69900423261167,-0.28063658006860853,-0.5834423376226493,-0.30369595220842754
6.5194510999999995,9.883543833565746,0.0843002964161612,1.120778042986621,-0.18399690551633002,0.06545929118330998,0.03418073058128357,0.699475378982509,-0.2829180669368579,-0.5806850697151568,-0.30577182899654065
6.570842799999999,9.706189043022581,-0.42595585978495054,1.1172742963264493,-0.12037883423883,-0.04508015790003358,-0.02394527040471557,0.6983520466725305,-0.2865562208462469,-0.5787614725092715,-0.308585659325743
6.6257945,9.478009497026754,-0.672724495552713,1.1454175780873022,0.056478658619041604,-0.1467973115585489,0.031237581904063883,0.6967704757689555,-0.28772330564938964,-0.5803375347615145,-0.3081145066851261
6.6908674999999995,9.308697937820364,0.05889306294112344,1.6387485558108923,-0.04650681686558543,-0.014811868689233256,0.10518986244599635,0.6970360796267553,-0.2890365747710371,-0.5805353891138733,-0.3059039459202724
6.7408139,9.356832089817225,-0.1984906258949456,1.1574937045360552,-0.2965163134011744,-0.0137088535926021,-0.20483265843869963,0.6946581607094393,-0.292473259086405,-0.5802054830587782,-0.3086600555751984
6.829961399999999,12.274743214407911,-1.578703284645056,0.5257151959175248,-0.0534581112145279,0.012507159367793045,-0.050145937194939254,0.6914029726799392,-0.29048860706313495,-0.5759878986666503,-0.32529408098740226
6.8652093,10.030260813674136,0.07571777736280116,0.35957700845665164,0.042662749416209754,0.005029578042250809,0.4167671378849259,0.6939442356610284,-0.29360769710099005,-0.573844069082555,-0.32084093001775715
6.9518664,9.158672621929735,-0.7173900172833396,0.2027088324780747,-0.02953942089702643,0.10098077928697224,-0.09754624597191368,0.697402941905914,-0.30240021696154523,-0.5663765301587721,-0.31843503495673137
7.0714524,9.770291130566862,-0.4760887324810028,-0.23067039249038843,0.3378220869860728,-0.13288138693816742,0.033367417037055994,0.7037095864519995,-0.2869010098622653,-0.5764983087002081,-0.300217135655789
7.1766119,9.987334140801028,-0.8407262857150738,-0.20911037967684815,0.35544054912898215,-0.16608467576782093,0.014823627030153611,0.7093011391336659,-0.2680285006945423,-0.591668883793626,-0.27382576356055777
7.2475689,12.831526500655027,-0.8742966721653633,0.5875320724315114,0.38169890433870335,0.8974258751745292,0.21964370796558982,0.72635235051729,-0.24510841900255173,-0.5914959078186728,-0.2499334248671836
7.2919846,11.960339359424081,-0.20599289754614486,-0.09006944421382648,-0.3360657913412916,0.41004938940115604,0.12178033908769008,0.738941653808279,-0.2390926523198861,-0.582153786277196,-0.24061775702730268
7.3397046,10.594668104571387,-0.6637855526291117,0.6283930081206126,-0.24305127402983295,-0.15999126657471682,-0.15499463350507675,0.7401055335693922,-0.2369469830560651,-0.582772735919941,-0.23764651200675907
7.4026172,8.20369400003905,0.3734133873617442,3.189263824432615,-0.08183636860249596,-0.23685480883517634,-0.326725519854047,0.737521648083588,-0.2291365473208361,-0.591007719811229,-0.23295522405278654
7.4593834,9.028326651938025,0.788003281779224,2.7193729132890674,-0.39032893876298264,-0.1830675172890467,0.1408494982654347,0.736096257040526,-0.22497981492795988,-0.5967276160100019,-0.2268535552662259
7.4882010999999995,10.785331522936218,-2.4961420155401663,2.615390730587812,-0.2795790723208824,-0.12890350744624168,-0.03672886216374953,0.7367171147549483,-0.22655522386090532,-0.5984659666589828,-0.2185385781032883
7.5296058,8.632233227180112,0.4847069337099642,1.3568163666411908,0.08732535757142552,-0.20746634101032646,-0.33485264606169907,0.7356996264613535,-0.21214306652735923,-0.6069826498706032,-0.2128695415155782
7.5958581,7.950659985763841,0.7888766805402115,0.8519480046245791,0.0016490463501193636,-0.11336420907469819,-0.10332925500686505,0.7359767932674018,-0.20161506732469892,-0.6132790149510434,-0.20390775909750322
7.629319,8.296173220695126,0.9980181213012963,0.3097943058777417,-0.1161225571194715,-0.1689848669085966,-0.14272850169219115,0.7358932502052502,-0.1933757204187655,-0.6184954532783227,-0.1962914397749358
7.7439984,8.207014259632306,0.9393169431486219,-1.5090994192698572,-0.6047444580291856,-0.4282673897991012,0.06755320626932879,0.7305813343660875,-0.19217944004247192,-0.628208801798951,-0.18620332446858498
7.8173441,12.3686966969304,-1.2364105940689138,-2.2048582651037716,-0.18824751650331817,-0.35635172320492625,-0.24512680561967953,0.7237395592019276,-0.19311945606625822,-0.6378351514056813,-0.17908725740867912
7.930869599999999,11.765480746903098,-1.0293811300752045,4.3209443000799315,0.7013914390423837,-0.09739873194288662,-0.3809823329319314,0.728160563035301,-0.15454767793883234,-0.6473230812892893,-0.16392082879843795
7.9933391,10.999982738153054,4.580001344329201,2.73730551329748,0.11425736269551673,0.1641912185918412,-0.1965763906614938,0.7357463387504188,-0.11291322274064472,-0.6522965279712489,-0.1429586259808297
8.0557814,7.218106565593864,-2.1303597800209535,1.2107859307514572,0.0236139563967816,-0.023917187720968222,0.2687818257989948,0.7365617875577952,-0.10234811805346662,-0.6558927483192853,-0.12963910884741464
8.1416096,8.248512183355032,-0.16871309095203807,0.9244768128388366,0.5817788342240676,0.15482114537507125,0.38826632689273144,0.7423645420477398,-0.0943470372347256,-0.6545506036964127,-0.10750363005935715
8.1840446,8.353055707535303,-0.5597374816031183,0.05211074955825323,0.5831078037583353,-0.18998539552300442,0.12819332180767162,0.7454159140174883,-0.08025570438283351,-0.6565215707392007,-0.08302749061376813
8.249555,8.677895304763972,-0.06285414325651967,-0.3581770553290424,0.5778000082033447,-0.1926756609795296,-0.22590376082538383,0.7431401497429222,-0.06297306000167328,-0.6626793785322861,-0.06806726689205894
8.2940243,10.073917227284577,0.05655221684983203,-1.603654615951085,0.5811985975586325,-0.4301802680407557,-0.13428622424407946,0.7365432469703336,-0.040230199701106625,-0.6730448218629765,-0.05381676446832856
8.352763600000001,11.706533810278525,0.07533810543473088,-1.5933653606536002,0.22114925167746113,-0.07521138749358695,0.2313993928371586,0.7352473770057062,-0.03432085480140739,-0.6754507455378336,-0.04471760150447257
8.400804500000001,14.619137074723955,-0.0908367138525735,-0.3778450468290907,-0.1794113661279388,0.6239517236818,0.03310793351584209,0.7360706463201079,-0.03417781296647378,-0.6748442542420802,-0.04021334658017045
8.4723754,9.039797590014512,-0.11148554275906278,3.333602411711576,-0.9191223285897718,-0.17193405907000264,0.1778217300703998,0.7359043945764989,-0.06809240081070914,-0.6718455023192508,-0.049312959840424
8.5230625,11.962416153281396,-3.082165301326967,3.504508034675218,-0.4123742698493451,0.19550674996305512,0.17673544125255297,0.734624934733147,-0.08305274849706457,-0.670905510435154,-0.057569456338822544
8.5698123,10.802747496171609,-0.31858493386745274,1.877331707728167,-0.14946179423872785,-0.1866298061054505,0.1263205488773394,0.7354174850055278,-0.08957145216316961,-0.6692221408053772,-0.05726957273624983
8.632655,7.653173331672399,1.7745998924953081,0.41976092176188373,-0.1269095759415892,-0.0002600303563196015,-0.2707254980348311,0.7322589472302145,-0.08998231013366323,-0.6722661218204576,-0.061304808268099364
8.7048819,7.479769204252509,-0.3199192755271457,0.25551320310668707,-0.5260886321892448,-0.02366866224602292,-0.37933221563536634,0.730645253372908,-0.0901235932103067,-0.672444302304827,-0.07651086176665761
8.751508900000001,7.516685577142594,-0.05662310417919387,0.12761447440871476,-0.4870034884845007,-0.046710857930076455,-0.1277995901409969,0.7287230443546754,-0.09451588547820584,-0.6727032988668493,-0.08660106068855394
8.7948558,9.780586283327796,0.48906026185474455,-1.4288662161603685,-0.48738264195197556,-0.35746814668773685,0.282404920438193,0.7230570328723842,-0.11870341989178701,-0.6737827147793489,-0.09547187326300938
8.884118,11.86545998744413,-0.6682857912723169,-2.6199924441777687,-0.08602649949029534,-0.19745629350601146,-0.31697403114562694,0.7197795291482674,-0.12298874654305833,-0.6760307769721013,-0.09886144966245836
8.9326223,14.318077932318973,-1.1813916837789178,0.6551718023573103,0.6420707185930896,0.8459681457812848,-0.4968590990813185,0.7238525358528345,-0.11202538154989998,-0.6734032857457233,-0.10007914355590736
9.0427776,9.733276068340249,-0.23398460008306987,3.3516228703187787,0.804977660080255,0.16246948944747114,-0.43306859390771035,0.7258397184216635,-0.07383394309195646,-0.6771520804944846,-0.09576174544694432
9.053716900000001,11.872191884733748,3.4648445627046014,3.0031618520167322,0.2726875296538754,0.44340548636100874,-0.19083160413948927,0.7314157110892825,-0.0580603225807966,-0.6729813728495618,-0.09357418613641394
9.116358700000001,9.128198849228728,0.4054035991182343,1.4713553641099684,-0.09061100768585997,-0.14149780176950907,0.26397167911575925,0.7339586764708388,-0.05841090630704131,-0.6703473141377809,-0.09234341170775484
9.1727101,6.83997849033902,-2.186864213450349,0.9611318286731945,-0.0755144804344201,0.048137060178828336,0.3687138811629239,0.7333323695183642,-0.06574799098964726,-0.6708631590848948,-0.08856330662323814
9.2204273,7.786218497976547,-0.4860521709184981,0.476510632456997,0.30803142637929976,0.12724467901693237,0.32636236705751953,0.735396501296141,-0.0684142551038911,-0.6692565773887745,-0.08128412638294102
9.284186,8.518120540940206,-0.5716149576782753,-0.27326644071140815,0.48655377138793254,-0.40754242791497153,-0.2241177013991768,0.733264392538371,-0.05587284444641703,-0.6743014082306044,-0.06722474802499306
9.3409897,9.873064814792865,-0.42266612393352,-1.3352874678542677,0.7712363574719655,-0.5332686193411327,-0.2574404374466761,0.7237647012181601,-0.04062460073796853,-0.6862389517874017,-0.05991994772357506
9.399384000000001,11.795591093211577,-0.25233582909823593,-1.440789281566475,0.297201766184542,-0.059613205952255784,0.23226245293435938,0.7205816213534384,-0.03160255123482672,-0.6906743603744018,-0.05227172892215204
9.4919787,12.392102968520366,3.4722320652642784,2.2683849147961173,-0.5455126634148222,-0.005492628232916748,0.6423668651670527,0.7260770134122074,-0.04663547546623507,-0.6846242696694137,-0.04389661037106074
9.5610286,11.68670721036986,-2.192180534524302,3.4935159871227848,-0.40703036037931306,0.051605130051760054,0.276214785152866,0.7213656700964499,-0.07715890171141393,-0.6863705903320321,-0.05072954386002204
9.676098000000001,9.297339911163654,1.0449134193796608,0.8467700534969718,0.10309656604821224,-0.08221648499402044,-0.11042089110511405,0.7232798606905926,-0.08354195954330011,-0.6841057933612565,-0.04343095214968079
9.721226900000001,7.794107432373352,2.1012780692594752,0.5371257662773132,-0.17790355577323008,0.1656188283792214,-0.38495525654796814,0.7237023468972765,-0.07966028859851995,-0.6837486416719162,-0.048958620564556965
9.814642800000001,7.437410102982413,-0.18911554314683407,-0.024689796467358284,-0.40604723757854055,0.0718854026873469,-0.13802102244184095,0.723749719432763,-0.07686557740526223,-0.6828825521690413,-0.06284462247678135
9.906319400000001,12.23803952523601,1.246887871112284,-0.3830762216700919,-0.12842587275464176,-0.019157756269922197,0.009013837350955102,0.7163707628674939,-0.09582452963353352,-0.6882116364542334,-0.06320864717855773
9.994334100000001,14.030178511136626,-0.6730651531656522,-0.8002834065497318,0.40751574683268743,0.2177957714231531,-0.1798880180688284,0.7121840849053576,-0.08640908066556854,-0.6940089557030613,-0.060653684059550184
10.0395742,11.68601625220811,-1.0296879038100235,2.848294020736761,0.6488546634935075,-0.21649955761276998,-0.640966086618362,0.7169442231641441,-0.06354029595130412,-0.6919671580772794,-0.05599164048709471
10.085839400000001,9.965058134716879,-0.16029462236546302,3.1327745742961417,0.821458164684052,0.2016487568902951,-0.6141170644583142,0.71847477906709,-0.03172602686428519,-0.6930971913273539,-0.04902789448912093
10.1440484,12.419701376757253,4.074794321565584,2.8999443403647853,0.2781592490207795,0.37767447438901713,-0.2433844269241392,0.7233179393021413,-0.01538424675529683,-0.6888577613075569,-0.045271053906628556
10.2172081,7.412250086209326,-1.8458381153382795,0.8739910083086836,0.15299149797760875,0.024639173368039485,0.3597768747316773,0.724253368132847,-0.009860480062280791,-0.6886916463938814,-0.032613584109288274
10.275440900000001,8.029988620401147,-0.31978146289376924,0.49557556811771153,0.6086417653870982,0.16193136885241544,0.3672247937100043,0.7265465724394586,-0.006313479675444805,-0.6869042963958597,-0.015896718018885647
10.3310416,7.761414570376253,0.40527265538359936,-0.22703707440199755,0.5622781000104368,0.009620713986336224,0.20444940029430314,0.7277667993551034,0.003091352020174203,-0.6858138919503404,0.002287991923881627
10.4155236,8.22465276937824,-0.7129254677974876,-1.8800056950955064,0.6312753558158875,-0.7231819855608475,-0.4033544376236965,0.715370286404923,0.03265838823349468,-0.6977458972538084,0.018150643856554904
10.472293,10.902498903118277,0.6142096054199959,-3.59104085221879,0.09272882022741843,-0.1966421607151223,0.4886018807880096,0.7094857666318458,0.045451326902672846,-0.7024488172620433,0.03361224414950481
10.550698500000001,14.8556642413948,1.8806853891410764,1.5542275633104599,-0.7394742538174335,1.0561138073064202,0.4027649942004969,0.7177849035010093,0.035622252593673076,-0.69438061037253,0.0367621458143208
10.5907937,9.857833091259247,3.0680086979546184,2.1914288958585146,-0.880598603420177,-0.22601813823938433,0.47758828052422114,0.7185153269473286,0.02045931430053479,-0.6942514005217126,0.03649841467471199
10.6758661,11.314536388225841,-0.9285751242010842,2.8348190030718405,-0.3114459614785459,0.21833225539242368,0.3470200784690368,0.7186713656045534,-0.005089381859823355,-0.6948010492853829,0.02714900300752482
10.7507926,10.572726802149703,-0.666672976453677,1.8901522746697044,-0.09841602053514717,-0.087141337223865,0.02277275221583237,0.718602468125694,-0.010702006293806,-0.6947179556019809,0.029375534533911396
10.7940783,7.8296523773542015,1.5698280023173437,0.5739682900237231,-0.04916720395083732,0.037983648230775206,-0.35795831781012305,0.7176096123050262,-0.004908098999272456,-0.6959507893418853,0.025784757242425682
10.8393922,8.433933014175764,0.5993658369327193,0.4106018714550499,-0.3813023752238829,-0.03725884924645722,-0.35216258109401655,0.7178868788376059,-0.002156491736563456,-0.6959192658280823,0.018170145445056685
10.8908561,7.755844626371157,0.19818242104993683,0.10025914017104864,-0.5275956930812702,-0.025589338545617762,-0.13006699281107764,0.7169698222823556,-0.005227486388105957,-0.6970425908677198,0.007653354747259311
10.9323268,8.025612091294906,-0.24111379170259867,-2.15967128573742,-0.6836631160058271,-0.5697143479130812,0.17153896200478375,0.7102637507536138,-0.02753367507684683,-0.7033595641621583,-0.007254281755712466
11.0094135,11.09872369282806,1.3012416978036203,-0.769853997615076,-0.5539651035163808,-0.3305745306102911,0.1233636864250706,0.7039476213906289,-0.03659440459588176,-0.7092171017056448,-0.011388526638484386
11.095746400000001,13.560962127650388,-1.256631218892638,0.6671786743420792,0.6509983654029542,1.1753326356868774,-0.4030822349079926,0.704909832566184,-0.03488199297900543,-0.7082495329028567,-0.016369901044711144
11.1812485,11.850043541427215,-0.06655402609912286,3.2983862471827683,0.5615176308953044,0.08033530092736786,-0.5311043405981417,0.7067109987741614,-0.01767124581638408,-0.7070864296749559,-0.016615422126717128
11.1934088,9.743775138015192,0.18354697352325078,2.972764429172724,0.6094545485740523,0.15702537816739276,-0.6526687978004564,0.7088161879189672,0.004619826771344704,-0.7052037201871549,-0.015683812636730632
11.285213500000001,11.021653845562913,0.2505611817133591,1.7353639523005158,0.013086041510705988,0.07714045306985279,-0.06320038552863806,0.7175002445599612,0.019058286952645158,-0.6960684781268304,-0.01785649778165349
11.3335544,8.03671866774376,-1.1661585882054313,0.8639831802537363,0.09255722195722632,-0.0104004939579578,0.3328671098877025,0.7167564645519521,0.018181187346560858,-0.6969624737989376,-0.013150097555604146
11.399245800000001,8.248317102743794,0.6270154972779586,-0.047717006318175784,0.5564087547525893,0.05433114847340953,0.3043745467892318,0.7192452199997414,0.02131594172490782,-0.6942255126815824,0.0168190867142064
11.470631800000001,8.8765350576401,-0.39563672982836207,-0.23018759364708274,0.48921170830726624,-0.31818309754732094,-0.15081910777188104,0.7159475753021275,0.03108158258369781,-0.6968785614610172,0.028517980628415984
11.5280473,7.956420623735843,-0.32679373987899246,-1.660956811648576,0.49978681291078886,-0.49402061526652996,-0.2508755558189808,0.7083964160687202,0.04475267409667617,-0.7036092212074162,0.03325326591606936
11.5894051,9.79710902506146,-0.175212877516586,-1.312324722872399,0.26596879959106445,0.011981356277981765,0.12630161240222007,0.697621795873434,0.06283433398779112,-0.7123489934366103,0.04398395098767216
11.6901566,13.73217536959963,1.1532808445199478,-0.22242882917599374,-0.18369927644134484,0.5562351168163361,0.21753133683481157,0.6989348334814982,0.06148905352625634,-0.710753953289639,0.05037869317267912
11.7539771,10.321149495992803,-0.6161512190853452,2.9958932644790224,-0.3800420145760818,0.007113648927070245,0.16945243048466505,0.6989063025334801,0.03268686797138832,-0.7129610915671107,0.04634685375122016
11.794861000000001,11.17625182254449,-0.47466219670409726,2.7459406922297793,-0.08256455775959215,0.22946352401311304,0.3521020138071454,0.7015394349006465,0.027092697962164854,-0.7104933757488201,0.048037173245942644
11.8618597,10.797207240989986,-0.08628314997880689,1.9611915106414468,-0.09072747936065051,0.11959044384272723,0.32129810467415815,0.7035173701817431,0.020912676943007504,-0.7083359627253667,0.05372274849234593
11.982694200000001,8.662551473414686,-0.40870973842406144,0.5366491925109139,-0.28687842407880204,0.18413306486624909,-0.29882477330487106,0.7104335387842293,0.023573906385918157,-0.7023867806371213,0.037165417991024075
12.0362457,8.391541979887506,0.7770833273588825,-0.5522939899079735,-0.615285009897184,-0.12976402879661503,0.0662131361309551,0.711467681694741,0.013430704393699758,-0.7022888795663957,0.020583578910832234
12.097836500000001,8.662195741664917,-0.24178876930509946,-0.15035276793913302,-0.7000796453802958,-0.14607895425255374,0.2100870241303153,0.7096708486574169,-0.0003277529814369254,-0.7044270721101851,0.012234346002911123
12.141958200000001,10.393567725443802,0.5269904209675693,0.11907843906953129,-0.4469509374481925,-0.2875741969238961,0.11570288595413009,0.7036002840084479,-0.014912020334404093,-0.7104273087054781,0.004160653587029273
12.2212703,10.09173482903687,-0.7559120163847957,0.07023476166922468,-0.32693608725492124,-0.07453079441256145,0.13619622710617274,0.7011279190465242,-0.022588795931951275,-0.7126773850682243,0.0005764062415842264
12.2497111,11.557750062785043,-0.616293395822826,0.7532309835590016,-0.01627609567852846,0.12889685250249422,-0.005710824418602718,0.7021097631384823,-0.025244932714804665,-0.7116209642050116,-0.000420929662815428
12.3021256,11.561236182299261,-0.5443076714758865,2.6246479634315736,0.120710548614302,0.10217957655268331,-0.1566944980561825,0.7052848133184889,-0.023067466701440838,-0.7085486506249988,0.0001837927566287756
12.343929300000001,9.845272513829688,0.037625180590265594,2.484204935423395,0.12114715659888407,0.1741059083202656,-0.38168500460320065,0.7067671126951445,-0.016286708400756876,-0.7072550404328548,-0.002302026142291802
12.4228846,9.866666628041148,-1.7365359099962379,1.7873782724889802,-0.2684209502993091,0.2699944678707362,-0.1333059944666415,0.7206588548754088,-0.017618121322674166,-0.6927568950399525,-0.020695435857430555
12.475843000000001,10.43152334344352,-0.8749300513135689,1.8615298037124353,-0.0035105461351746066,0.29981664449079504,0.25249467120881,0.7263298722963176,-0.018390532908291284,-0.6868762726946768,-0.017541120786128017
12.583366,9.05679430733904,-0.6898159741546476,1.6826196861792093,0.2516812454561405,0.2338282333348567,0.2414184953011558,0.7312734997383066,-0.020541346854847414,-0.681707042133543,-0.009624466500294804
12.5993945,9.35000223608736,-0.1686568413486207,1.4254053792955932,0.24264386795965637,0.15487227800117326,0.18016835914429577,0.7350756260944081,-0.019200284153207077,-0.6777097958704958,-0.0021460641934604174
12.6487616,9.117775404024533,-0.71512289322187,1.097511662879064,0.2764770633567391,-0.11925727569933325,0.06655710619088402,0.7348404994516221,-0.01641244722150485,-0.6780195224110397,0.005440512053022206
12.693125,9.39143729002367,-0.563089149045108,0.9450392854851573,0.32161941921411874,-0.19920163376364597,-0.04448428347466453,0.7329778695911527,-0.012016181867544773,-0.6800796161770969,0.009527314593036351
12.7777306,10.51324613852435,0.06739386658079796,0.9804926411622131,0.30901712794915503,-0.2913262458624012,-0.10897650606873033,0.724423805912174,0.002098119194145983,-0.6891691571611032,0.01586253893371309
12.818592500000001,9.436323165893555,-0.4799141003056422,1.382024303376217,0.1585354552290956,-0.2905329260317045,0.12188042613310016,0.7149176149090011,0.006021179168227048,-0.6987611927104572,0.024276425933594525
12.918779200000001,9.66182214653437,-0.526840406605908,1.4244220590078702,0.19693011056900755,-0.10316486577410394,0.012540481742485763,0.7117977279787583,0.008265091482826746,-0.7017455711756567,0.028789512715748034
12.9942097,10.089612217088614,-0.5294947545438086,1.0267562368195935,0.3006339118763867,-0.0013518297388476416,-0.00585792886833978,0.7116845348028066,0.012711096732151716,-0.7016244431892704,0.03266024589200023
13.0192531,10.548549451403172,-0.13238125766927442,0.8333568510585605,0.3274225774738524,-0.03035907992350173,0.06992840319795604,0.7116150341227586,0.016709281833822438,-0.7013544586905058,0.03777256128477796
13.0659252,9.694054954429193,-0.2248915531565242,0.929653463420719,0.3824419084263043,0.020595207730765015,0.019753488088627494,0.7113217658355997,0.022645628512401244,-0.7010265462086941,0.04550057657342471
13.123887400000001,9.938707672994196,-0.2610371632494807,1.009451617904034,0.36957913637161255,0.10776041741866793,-0.0004096480927640394,0.7124210000443938,0.0278313732459346,-0.6993612990262236,0.05074945106448542
13.1403963,9.961678992279724,-0.0962278390721944,0.746082964794366,0.3525757299162947,0.068486705906899,0.05874812975525856,0.7139347255492241,0.03310499335170366,-0.6970694068483655,0.05740652494453663
13.2169109,9.837309351898742,0.12578953523176908,0.8737581920626831,0.261789043589284,0.14546551453644588,-0.009810745741246522,0.7162570922424313,0.03835124379050545,-0.6938589126340206,0.06375554305685716
13.2741158,9.86062550727856,-0.08767391068272433,0.7235652390682448,0.22000590807205583,0.10373968347578981,-0.030523157788224085,0.7181589016275942,0.04177660855833722,-0.6914185274668886,0.06665528385606229
13.2904798,9.875789642333984,-0.2438089724570986,0.8282626259421545,0.2487767084486901,0.10497095326464329,-0.0013309461064636714,0.7201104450818681,0.04572670949366339,-0.6887924748733455,0.07010664362761793
13.359313700000001,9.983827948020899,-0.05738042329313568,0.8789330124855042,0.24273782235480124,0.07447623834013939,0.017384474584189017,0.7215854902986588,0.050335653396163166,-0.6863611192527427,0.07542622995848519
13.424094100000001,9.933448391260967,0.11506176512017532,0.8282862982935475,0.14522325951197412,0.09992889861024237,-0.002136295661330223,0.7232085904980428,0.053260895098379626,-0.6840596966446235,0.0787079609037254
13.459334100000001,9.847751914119463,-0.014018743252328028,0.8560935744951117,0.06161494099243764,0.08561031516360468,-0.017407349885633687,0.7245886700548038,0.05457477252295706,-0.6823491487193322,0.07995306544644765
13.542525000000001,9.943826924390674,-0.0662439884501122,0.8353103881285628,-0.03480844172006194,0.06223608201762004,-0.033568192239529435,0.7275981757523654,0.055407137579435266,-0.6791624972821416,0.07917857053882316
13.6821423,9.949033737182617,-0.22150975614156765,0.7952577061221646,-0.13672292232513428,0.026081918778238157,-0.0790429413318634,0.7321411479285392,0.0523842657343158,-0.6753483116447684,0.07162322369120944
13.778248300000001,9.959487939576766,-0.10811333584895332,0.7934812307357788,-0.1110873743891716,0.01617563039725346,-0.05432499832432208,0.733725848008909,0.04965552976285344,-0.674460729672888,0.06544793699343865
13.8369324,9.992630883122503,-0.012207402847707272,0.8771909109901928,-0.10223731887309268,-0.005950484363202225,-0.05005051067455865,0.734426854949626,0.048530512634942444,-0.6740646687607812,0.062440422809363294
13.9009018,9.92288821256768,-0.04709864303036773,0.9172862070980419,-0.10940545648603388,0.014647185058736543,-0.03738517314195633,0.7349208286564779,0.0473738706291624,-0.673810808734363,0.060216991134014686
13.9659992,9.968201132597095,-0.12025199058006436,0.8981004852975141,-0.07721593324619565,0.02274039108830724,-0.03296272377485931,0.7360404385446354,0.0455331233937829,-0.6730298228853968,0.056586791814708826
14.019137500000001,9.914100233302843,-0.07155541460410392,0.9243846455045138,-0.014510705166278316,0.0251585512563756,-0.005340739153325558,0.7374769172820911,0.04446175113887586,-0.6716641193035163,0.0549386931224507
14.1159482,9.949033737182617,0.06965814461179089,0.9277626276016235,0.012043325771247188,0.014199720586888984,-0.010387778672720156,0.7384298167794179,0.044630211081785935,-0.6706068145645481,0.054918577999641116
14.1925823,9.919348745786715,-0.03828934009803077,0.9416371799989225,0.0350794882186851,0.022868726510517835,0.01723623838150271,0.7389575674095221,0.044990110916006486,-0.6699400011768247,0.05565966502922143
14.2415871,9.9124116897583,-0.040258024436438736,0.9782375319428531,0.04621827769745606,0.01082543833041796,0.01876456664562126,0.7398558465014698,0.045856499015167015,-0.6686973329607254,0.05791705091663585
14.324150600000001,9.950671341989324,-0.048829611390829086,0.9538151177454166,0.05383727603858548,0.002312132593003973,0.016484643450446514,0.7401533757234824,0.04631450298351793,-0.6682487509404725,0.05891989549400323
14.3408516,9.870499828077865,-0.04516832865283458,0.9887996912002563,0.05219676849206731,-0.004913315943051731,0.0317240720819844,0.740390127795006,0.04689600089421414,-0.6678191836118932,0.06033872524152173
14.4064755,9.980359248585238,-0.19900114319738896,0.9192379492888236,0.07213081040978814,-0.02196764287156308,0.03218565972894526,0.7404842329373731,0.04737662118073645,-0.6675048839708329,0.062255814280559485
14.4541412,9.875789642333984,-0.14118678172543853,0.9574795221128771,0.08406003515669552,-0.028699704731303836,0.04072990413961185,0.7401438996011727,0.0484912721496842,-0.6675826824622233,0.06456753429564682
14.5510756,9.94531528633026,-0.06103701516985893,0.9850815202166487,0.07323770391527637,-0.027121167416851902,0.03664236485916146,0.7398570480001818,0.04925829780076979,-0.6676091832820543,0.06695630679553849
14.617588300000001,10.020496875276582,-0.08023883374879986,0.8963534473091044,0.014798195124210392,-0.023054599942218874,0.009001319506956686,0.739170263871164,0.050204461784535456,-0.6680393482446699,0.06950008793086443
14.674387000000001,9.90719376071807,-0.13083580022137012,0.9573951392404494,0.013274321024636588,-0.02303409019124604,0.005185685435970944,0.7390034706600053,0.05031290177699238,-0.6681712468276009,0.06992615519315065
14.7093264,9.898441951171742,-0.162156627854103,0.9922600315985302,0.0,0.006557476271414904,-0.00045697698975089165,0.7392331858584766,0.05032667904058757,-0.6679012718925379,0.07006720564290142
14.7824231,9.917644837179736,-0.11509993368510826,0.9260218657488342,-0.006408886983990669,0.01571757889293607,-0.0004579143733867715,0.7400156739848062,0.05013151430366916,-0.6670126869563636,0.07041100034574038
14.8507449,9.908952401020944,-0.20401659823213147,0.9626552263615944,-0.02685503835571601,0.0,-0.0004584026207884448,0.7404418862672573,0.049734832460542014,-0.6665872345726361,0.07024043141890413
14.897100100000001,9.961240768432617,-0.08373737926882859,0.9591383803456988,-0.032503500448678405,0.008545182645320892,-0.00305442964354576,0.7408754977629189,0.04911315173854584,-0.6661975943046413,0.06980086305743943
14.9777494,9.886292095177001,-0.21448186644515443,0.9974603025171404,-0.05279873976617208,0.011439284965473171,-0.004421746484986779,0.7414088778925599,0.0481829052568147,-0.6657451664225238,0.06909889151176957
15.034285800000001,9.949033737182617,-0.15174626518098605,0.939970076084137,-0.04944672561622035,0.01784658784481013,-0.006408886983990669,0.7420518177438341,0.047285550629978274,-0.6651796281713266,0.06825861667620242
15.0908519,9.917675415379861,-0.2230925156485633,0.9555366976868704,-0.04699850454926491,0.022431103512644768,-0.003812001275110112,0.7427158933898428,0.04647100632204775,-0.6645588143995056,0.06763970344013381
15.156073600000001,9.943761524761022,-0.1412164720316087,0.9713198758367996,-0.037530655769037094,0.01662903222318832,-0.003811258657444869,0.7438336454837396,0.04539160714426185,-0.6634810838860539,0.06666304202945
15.229574300000001,9.91769484037994,-0.158696249127388,0.9851571380771617,-0.038309753521956424,0.024248678172107345,-0.009151040689058362,0.7449960059715093,0.04414752556031963,-0.6623871572431831,0.06538502116460088
15.3162999,9.9124116897583,-0.16927579076951624,0.9765922427177429,-0.02930284584704372,0.00672930399385489,-0.009470892539007115,0.7455733273522797,0.04368548462802521,-0.6618248108084651,0.06480672628674494
15.392676900000001,9.901823098514242,-0.17619790329087165,0.9887996912002563,-0.021079648586530837,0.012212873045955936,-0.011144725215290823,0.7460431679573567,0.04334928617396079,-0.6613570677617925,0.064399222463348
15.4409188,9.886392088777413,-0.21443186811916842,0.9818936471336097,-0.004132185867381671,0.0018554847507726727,-0.005804610341018725,0.7464806667417645,0.04327522846017527,-0.6608881678996258,0.06419266556832459
15.526089800000001,9.940553576555098,-0.1518004876376724,0.9606573353010216,0.012026846997386466,0.005528286993570315,-0.0032044434919953346,0.7471155382792467,0.04369632048572327,-0.6600910603306811,0.06472090936658947
15.5809947,9.900203704833984,-0.14509496360605212,1.0362353666708888,0.01744149170846464,-0.007233105509752227,0.0,0.7472016453338143,0.043986096174449395,-0.6599373796852916,0.06509669306412502
15.6543144,9.856791466981855,-0.1288644321321007,1.0132144689559937,-0.0005941597941982048,-0.020414980540368416,-0.012343785931514431,0.7475319530981162,0.04454330473072548,-0.6594945366313623,0.06541276063863555
15.761137600000001,9.917834780180513,-0.1397046974911269,1.0349075191231218,0.011038712439702177,-0.03323165996747088,-0.0052216611089752046,0.7473193514669201,0.044861365304480746,-0.6597043659205253,0.06550873538299173
15.778588000000001,9.878489391045637,-0.2427979330725384,0.9942283226597693,0.02848312134687115,-0.038573919756827266,-0.007358898649052266,0.7468602823209545,0.045419386242765786,-0.6601449094490462,0.06592038056099675
15.9543411,9.958563239355025,-0.09222503304271712,0.9698190402621484,0.03275425448960308,-0.026111039413745006,-0.0016608037689645175,0.7466689859570022,0.046154365331619,-0.6602451310253256,0.06657001523305911
16.024017999999998,9.943580263160278,-0.0420758501219783,0.945423709876221,0.003090682739932691,-0.004977306366086967,-0.013772161046583808,0.7462141161145883,0.04840201052570897,-0.6603980171399016,0.06852880595838062
16.0877297,9.955775493210231,-0.05010613281902988,0.9100898033858842,-0.004750817498478513,0.0046391220194495365,-0.022909330105430246,0.7465897679988758,0.0490719851794513,-0.6599532689880245,0.06824471658637374
16.184469699999998,9.893467336206392,-0.07451016563613157,0.9631191107534594,-0.007219842537456463,-0.0019147903508236334,-0.014364619386352358,0.7468090289493532,0.049267586364008034,-0.659712337598354,0.06803389474450677
16.2308298,9.986910917657324,-0.03662221133708954,0.956399193459126,-0.00475177449768684,0.009024365820347286,-0.016131998940588997,0.7471659635580301,0.04927668148832471,-0.6593237939470727,0.06787463662619847
16.2493558,9.887996673583984,-0.06900393797837329,0.945452698325586,-0.006408886983990669,-0.00010868776723137896,-0.015913529692745294,0.7474022949409996,0.04941056594510165,-0.6590667177201439,0.06767175986708901
16.298974599999998,9.938057605999283,-0.12330540082299643,0.957665476961375,-0.00037245707766663655,0.009397841359098113,-0.0048605375172149756,0.7477706350433739,0.049503566946927036,-0.6586393648466857,0.06769535656686718
16.354288399999998,9.882504837561491,-0.08849703159403072,0.9521774649620056,0.02040185597979708,-0.005821289470078133,-0.004646094442253059,0.7478574125730079,0.049741385828777566,-0.6584984289422215,0.06793308528298941
16.427547,9.882493196361441,-0.012207402847707272,0.9698884922971007,0.007267014964693976,0.00010500992498090186,-0.0016547267084881182,0.7482041214821857,0.050247511627975,-0.6579658502046575,0.06889644502244807
16.5044264,9.980146762184368,-0.012207402847707272,0.9710830588980366,-0.00913127630333463,0.0037523938958486255,0.0026183498339815967,0.7485355145874821,0.05016968621475911,-0.6575731889558188,0.06910200541838582
16.5807695,9.889190499988874,-0.12758080417140594,0.982099033354248,-0.01757220728670977,0.006617812980567256,0.0010681478306651115,0.7485758296623818,0.04984608808943368,-0.6575487800764991,0.06913173343238482
16.6093253,9.928945990995572,-0.09765922278165817,0.9821037213144947,-0.0004822526112078659,0.00609795915924253,0.0,0.7488134375032576,0.04970552498704955,-0.6572766150514044,0.06924772853231972
16.706122999999998,9.914764756081002,-0.15200428568369354,0.9931385704562588,0.02253405021594876,0.015230778693908707,0.011852571909297647,0.7489906204467754,0.04980778330174543,-0.6570014446610977,0.06986656509770997
16.7593474,9.856899124363323,-0.12207403033971786,0.9777503441167907,0.03349465935623015,-0.005925478639169114,0.004755999667482001,0.7490674241931589,0.05051212917359173,-0.6567085030668808,0.07127735137219032
16.8424884,9.889129413588623,-0.1342814415693283,1.0076771611122504,0.02077932330152373,-0.02194658890733695,0.0,0.748773561690574,0.05137170836222384,-0.656830770256345,0.07261157027372667
16.939342099999998,9.923506583181089,-0.13982884088007536,0.9943470837394823,0.007962432254346147,-0.0033991493945640903,-0.0015535452703554784,0.7480812269330487,0.05444262760476232,-0.6569540134992369,0.07630139158022448
16.988442799999998,9.9124116897583,-0.03772203086264907,0.971038458809268,0.0009719133703645947,-0.014954069629311562,-0.0010681478306651115,0.7476035939869983,0.05704768424938497,-0.6569151686735464,0.07935294037471394
